,LotArea,SalePrice
0,0.342354752451179,0.4298969072164949
1,0.38894741106879505,0.37422680412371134
2,0.45579774734624423,0.4608247422680412
3,0.38692164330281176,0.28865979381443296
4,0.5777489668584394,0.5154639175257731
5,0.5718742403370878,0.2948453608247423
6,0.4085568430435135,0.6329896907216495
7,0.420630418928774,0.41237113402061853
8,0.24795397455635687,0.26783505154639176
9,0.30062393647192287,0.24329896907216494
10,0.45377197958026094,0.2670103092783505
11,0.4831050968316992,0.711340206185567
12,0.5254031277854306,0.29690721649484536
13,0.43156956486508385,0.5762886597938144
14,0.4424276800907544,0.3237113402061856
15,0.24795397455635687,0.2721649484536082
16,0.4554331091483672,0.30721649484536084
17,0.43720119925451745,0.18556701030927836
18,0.554857791102828,0.32783505154639175
19,0.30629608621667614,0.2865979381443299
20,0.5759257758690544,0.670721649484536
21,0.3017988817761932,0.2874226804123711
22,0.3947005915241877,0.4742268041237113
23,0.17113686087026983,0.26783505154639176
24,0.3340896199659671,0.31752577319587627
25,0.5765335061988494,0.5284536082474227
26,0.2917105583015963,0.2779381443298969
27,0.46503524835912813,0.6309278350515464
28,0.6612511141722713,0.42783505154639173
29,0.25621910704156875,0.14123711340206185
30,0.3443805202171623,0.08247422680412371
31,0.3461631958512276,0.3079381443298969
32,0.44765416092699134,0.3709278350515464
33,0.4275180293331173,0.34123711340206186
34,0.2962887934527186,0.5721649484536082
35,0.5436350376792805,0.6371134020618556
36,0.4399562434162548,0.29896907216494845
37,0.3456770115873916,0.3154639175257732
38,0.3209626448423953,0.22474226804123712
39,0.24471274613078356,0.16907216494845362
40,0.35078194635766957,0.32989690721649484
41,0.6849120816789563,0.35051546391752575
42,0.3719309618345353,0.29690721649484536
43,0.3727412689409286,0.2685567010309278
44,0.32189449801474757,0.2907216494845361
45,0.3102665910380034,0.6595876288659794
46,0.5194878859087594,0.4941979381443299
47,0.44955838262701564,0.5148453608247423
48,0.18053642330443237,0.2329896907216495
49,0.31366988088485537,0.2618556701030928
50,0.5619074629284498,0.3649484536082474
51,0.2528158171947168,0.23608247422680412
52,0.3432460902682117,0.2268041237113402
53,0.28903654485049834,0.26804123711340205
54,0.4122437403776031,0.37216494845360826
55,0.10716311482051698,0.3556701030927835
56,0.47180131269751235,0.40515463917525774
57,0.5543310914836723,0.904701030927835
58,0.2917105583015963,0.2575257731958763
59,0.5296167247386759,0.32577319587628867
60,0.2917105583015963,0.20824742268041238
61,0.26099991896928937,0.4175257731958763
62,0.41730815979256136,0.28865979381443296
63,0.3798314561218702,0.45257731958762887
64,0.3885827728709181,0.6536082474226804
65,0.8062555708613565,0.3711340206185567
66,0.43209626448423955,0.465979381443299
67,0.18669475731302163,0.16494845360824742
68,0.6317559354995543,0.4639175257731959
69,0.5530751154687626,0.5030927835051546
70,0.3078761850741431,0.2670103092783505
71,0.4108662182967345,0.38144329896907214
72,0.4132566242605948,0.29876288659793815
73,0.23458390730086703,0.22144329896907217
74,0.06466250709018719,0.18762886597938144
75,0.34336763633417067,0.27989690721649485
76,0.34985009318531723,0.2618556701030928
77,0.4366744996353618,0.28144329896907216
78,0.42298030953731464,0.2268041237113402
79,0.52669961915566,0.3989690721649485
80,0.18231909893849768,0.31649484536082473
81,0.41349971639251276,0.5051546391752577
82,0.36026253950247145,0.26082474226804125
83,0.3455959808767523,0.3474226804123711
84,0.6506360910785187,0.5360824742268041
85,0.48257839721254353,0.35876288659793815
86,0.16007616886800097,0.3391752577319588
87,0.3431650595575723,0.17525773195876287
88,0.32695891742970584,0.2548453608247423
89,0.2917105583015963,0.2265979381443299
90,0.3443805202171623,0.20329896907216494
91,0.5412851470707398,0.3371134020618557
92,0.2917105583015963,0.2760824742268041
93,0.37829187261972286,0.42216494845360825
94,0.39563244469653996,0.38144329896907214
95,0.4158496070010534,0.44123711340206184
96,0.4424681954460741,0.19536082474226804
97,0.4304756502714529,0.1711340206185567
98,0.37760311157928855,0.2658762886597938
99,0.42958431245442025,0.422680412371134
100,0.3729843610728466,0.3670103092783505
101,0.2843367636334171,0.24528659793814434
102,0.4214407260351673,0.41010309278350515
103,0.31431812656997,0.3494845360824742
104,0.3798314561218702,0.5154639175257731
105,0.43756583745239447,0.20618556701030927
106,0.24309213191799692,0.23711340206185566
107,0.3443805202171623,0.23711340206185566
108,0.47609594036139696,0.3917525773195876
109,0.3859087594198201,0.2822680412371134
110,0.3139940037274127,0.3711340206185567
111,0.40373551576047323,0.7916907216494845
112,0.8508224617129893,0.44742268041237115
113,0.2941009642654566,0.5350515463917526
114,0.13086459768252168,0.3628865979381443
115,0.47062636739324204,0.2865979381443299
116,0.3458390730086703,0.31958762886597936
117,0.5014180374361883,0.6597938144329897
118,0.34280042135969535,0.3381237113402062
119,0.869175917672798,0.3711340206185567
120,0.24552305323717688,0.20618556701030927
121,0.3834373227453205,0.2804123711340206
122,0.3197471841828053,0.317319587628866
123,0.6905032007130703,0.3731958762886598
124,0.27469410906733654,0.17422680412371133
125,0.19965967101531482,0.2639175257731959
126,0.1777813791426951,0.17938144329896907
127,0.3075115468762661,0.31958762886597936
128,0.3635442832833644,0.30927835051546393
129,0.5753180455392594,0.465979381443299
130,0.49525970342759906,0.5030927835051546
131,0.29932744510169357,0.31082474226804124
132,0.27765173000567217,0.4536082474226804
133,0.4187261972287497,0.3711340206185567
134,0.421359695324528,0.35876288659793815
135,0.419536504335143,0.2948453608247423
136,0.4485049833887043,0.3525773195876289
137,0.36731221132809333,0.4742268041237113
138,0.6249898711611701,0.477319587628866
139,0.4254112308564946,0.23711340206185566
140,0.47180131269751235,0.5360824742268041
141,0.3451908273235556,0.3422680412371134
142,0.4187261972287497,0.42061855670103093
143,0.368689733408962,0.25773195876288657
144,0.10217972611619804,0.26804123711340205
145,0.24795397455635687,0.21649484536082475
146,0.38509845231342676,0.4587628865979381
147,0.30386516489749615,0.2907216494845361
148,0.2528158171947168,0.23711340206185566
149,0.4195770196904627,0.2515463917525773
150,0.5627988007454825,0.7678391752577319
151,0.5997488047970181,0.3917525773195876
152,0.5469572968154931,0.4845360824742268
153,0.45944412932501416,0.25773195876288657
154,0.38894741106879505,0.16288659793814433
155,0.2917105583015963,0.22577319587628866
156,0.4863058099019528,0.5556701030927835
157,0.5085487399724495,0.5255670103092783
158,0.7851065553844907,0.6597938144329897
159,0.4505307511546876,0.33505154639175255
160,0.5545741836155903,0.8505154639175257
161,0.49355805850417306,0.4536082474226804
162,0.22283445425816384,0.21278350515463917
163,0.21878291872619723,0.3134020618556701
164,0.40944818086054613,0.26288659793814434
165,0.4338384247629852,0.3917525773195876
166,0.4279231828863139,0.6713896907216494
167,0.3340085892553278,0.3783505154639175
168,0.6753504578235151,0.47010309278350515
169,0.5006887610404344,0.2649484536082474
170,0.2149744753261486,0.4927835051546392
171,0.41313507819463574,0.33608247422680415
172,0.503038651648975,0.37938144329896906
173,0.5111012073575886,0.5010309278350515
174,0.40632849850093183,0.4350515463917526
175,0.553034600113443,0.3556701030927835
176,0.3451908273235556,0.20618556701030927
177,0.08577100721173325,0.3649484536082474
178,0.3074305161656268,0.4125773195876289
179,0.36706911919617535,0.24742268041237114
180,0.4629284498825055,0.41237113402061853
181,0.30135321286767686,0.2618556701030928
182,0.9298274045863382,0.979381443298969
183,0.40300623936471924,0.35670103092783506
184,0.42176484887772464,0.27835051546391754
185,0.2843367636334171,0.31615876288659794
186,0.19945709423871646,0.5896907216494846
187,0.42824730572887126,0.6494845360824743
188,0.3027307349485455,0.37938144329896906
189,0.3653269589174297,0.3958762886597938
190,0.10217972611619804,0.26804123711340205
191,0.29090025119520296,0.2618556701030928
192,0.09237501012883884,0.3061855670103093
193,0.3814925856899765,0.6430350515463917
194,0.22364476136455716,0.21443298969072164
195,0.3885827728709181,0.5668041237113403
196,0.34624422656186693,0.28865979381443296
197,0.4102179726116198,0.35360824742268043
198,0.28360748723766305,0.2309278350515464
199,0.17980714690867838,0.30721649484536084
200,0.14180374361883152,0.2268041237113402
201,0.4801474758933636,0.37216494845360826
202,0.5539664532857953,0.29670103092783506
203,0.5061583340085892,0.2907216494845361
204,0.5819625638116847,0.5711340206185567
205,0.33425168138724576,0.29896907216494845
206,0.2270480512114091,0.2020618556701031
207,0.42217000243092134,0.3835051546391753
208,0.3500526699619156,0.5209855670103093
209,0.5497123409772303,0.3216494845360825
210,0.44161737298436105,0.33350515463917524
211,0.40559922210517785,0.2772164948453608
212,0.342354752451179,0.4329896907216495
213,0.4013451097966129,0.22061855670103092
214,0.634470464305972,0.6422680412371135
215,0.12195121951219512,0.3448247422680412
216,0.3642330443237987,0.4224742268041237
217,0.32687788671906653,0.41237113402061853
218,0.4649137022931691,0.3709278350515464
219,0.4254112308564946,0.2
220,0.5458228668665425,0.7963917525773195
221,0.06806579693703914,0.2309278350515464
222,0.40312778543067823,0.5979381443298969
223,0.07572319909245605,0.21855670103092784
224,0.3452313426788753,0.25773195876288657
225,0.1289198606271777,0.39690721649484534
226,0.3549145126002755,0.30515463917525776
227,0.6133214488291062,0.8309278350515464
228,0.06806579693703914,0.19484536082474227
229,0.43148853415444455,0.2643298969072165
230,0.31808605461469897,0.4463917525773196
231,0.06806579693703914,0.18453608247422681
232,0.35544121221943115,0.3824742268041237
233,0.38299165383680417,0.40103092783505156
234,0.48739972449558383,0.6556701030927835
235,0.35414472084920184,0.2329896907216495
236,0.36463819787699536,0.5412371134020618
237,0.15719957864030468,0.22783505154639175
238,0.20257677659833076,0.16288659793814433
239,0.43602625395024713,0.24742268041237114
240,0.35977635523863544,0.422680412371134
241,0.421359695324528,0.4979381443298969
242,0.370391378332388,0.2824742268041237
243,0.4582286686654242,0.28865979381443296
244,0.4585122761526619,0.3711340206185567
245,0.21675715096021392,0.1577319587628866
246,0.19244793776841423,0.4845360824742268
247,0.338951462604327,0.35670103092783506
248,0.37881857223887855,0.32577319587628867
249,0.3403289846851957,0.29896907216494845
250,0.35402317478324286,0.4742268041237113
251,0.35617048861518513,0.42783505154639173
252,0.35710234178753747,0.4536082474226804
253,0.5038084434000486,0.477319587628866
254,0.5146260432703995,0.2
255,0.781784296248278,0.3628865979381443
256,0.3884612268049591,0.5690721649484536
257,0.343205574912892,0.311340206185567
258,0.22283445425816384,0.26804123711340205
259,0.21197633903249333,0.15051546391752577
260,0.4898306458147638,0.3618556701030928
261,0.4540555870674986,0.38144329896907214
262,0.3403289846851957,0.37010309278350517
263,0.27955595170569647,0.24845360824742269
264,0.32076006806579693,0.30515463917525776
265,0.43464873186937847,0.5484536082474227
266,0.47662263998055265,0.5979381443298969
267,0.38894741106879505,0.2865979381443299
268,0.3368446641277044,0.256701030927835
269,0.2943035410420549,0.422680412371134
270,0.37257920751964996,0.4144329896907217
271,0.7753828701077708,0.2907216494845361
272,0.5854468843691759,0.8562845360824742
273,0.40535612997325987,0.3958762886597938
274,0.4572968154930719,0.4711340206185567
275,0.2917105583015963,0.38144329896907214
276,0.20512924398346974,0.42783505154639173
277,0.38943359533263106,0.5043298969072165
278,0.3246090268211652,0.3694845360824742
279,0.1722307754639008,0.3395876288659794
280,0.396483267158253,0.32783505154639175
281,0.3291872619722875,0.18144329896907216
282,0.397820273883802,0.2515463917525773
283,0.3536990519406855,0.3166494845360825
284,0.6324852118953084,0.4808865979381443
285,0.2304108257029414,0.2802061855670103
286,0.4622396888420712,0.27010309278350514
287,0.6749453042703184,0.4845360824742268
288,0.38894741106879505,0.3443298969072165
289,0.3215703751721903,0.29381443298969073
290,0.555465521432623,0.3134020618556701
291,0.2997731140102099,0.4927835051546392
292,0.474029657240094,0.36082474226804123
293,0.5672149744753261,0.3268041237113402
294,0.638116846284742,0.3237113402061856
295,0.6574021554169031,0.5505154639175258
296,0.555222429300705,0.422680412371134
297,0.3970504821327283,0.30907216494845363
298,0.7449153229073819,0.6082474226804123
299,0.4207924803500527,0.6307216494845361
300,0.5459038975771817,0.4639175257731959
301,0.3208816141317559,0.18453608247422681
302,0.5000405153553197,0.17010309278350516
303,0.5014990681468277,0.7422680412371134
304,0.31136050563163437,0.34144329896907216
305,0.3241228425573292,0.2721649484536082
306,0.316019771493396,0.24721649484536082
307,0.38894741106879505,0.3670103092783505
308,0.31581719471679764,0.388659793814433
309,0.5269021959322583,0.5360824742268041
310,0.36463819787699536,0.5567010309278351
311,0.40110201766469494,0.5360824742268041
312,0.5718742403370878,0.3865979381443299
313,0.658739162142452,0.706480412371134
314,0.4901952840126408,0.7298969072164948
315,0.42054938821813465,0.6206185567010309
316,0.235799367960457,0.2601546391752577
317,0.4568106312292359,0.49896907216494846
318,0.20257677659833076,0.17938144329896907
319,0.4394295437970991,0.668041237113402
320,0.46997812170812736,0.2994845360824742
321,0.48164654404019125,0.4422680412371134
322,0.2593793047565027,0.16082474226804125
323,0.4304351349161332,0.24536082474226803
324,0.33125354509359045,0.2865979381443299
325,0.43169111093104284,0.5855670103092784
326,0.3321448829106231,0.4268041237113402
327,0.36633984280042137,0.3958762886597938
328,0.5735758852605137,0.7781979381443299
329,0.3701077708451503,0.44123711340206184
330,0.5730897009966778,0.4175257731958763
331,0.5023904059638603,0.31958762886597936
332,0.5749534073413823,0.41835051546391755
333,0.3403289846851957,0.16907216494845362
334,0.3461631958512276,0.18041237113402062
335,0.3585203792237258,0.5484536082474227
336,0.10501580098857467,0.17525773195876287
337,0.2607163114820517,0.2890721649484536
338,0.5174621181427761,0.31237113402061856
339,0.7130702536261243,0.3247422680412371
340,0.09918158982254274,0.31752577319587627
341,0.8277692245360991,0.9013484536082474
342,0.31683007859978934,0.6557958762886598
343,0.2135564378899603,0.3917525773195876
344,0.3680414877238473,0.1958762886597938
345,0.3451908273235556,0.21835051546391754
346,0.3403289846851957,0.28865979381443296
347,0.45575723199092455,0.36597938144329895
348,0.3746860059962726,0.35670103092783506
349,0.17113686087026983,0.27628865979381445
350,0.28077141236528647,0.26804123711340205
351,0.48662993274451016,0.5773195876288659
352,0.3054857791102828,0.3216494845360825
353,0.3704724090430273,0.29896907216494845
354,0.29580260918888257,0.4092783505154639
355,0.06806579693703914,0.24329896907216494
356,0.7616886800097237,0.3917525773195876
357,0.4331091483672312,0.3030927835051546
358,0.38489587553682847,0.32783505154639175
359,0.3707155011749453,0.3402061855670103
360,0.316019771493396,0.2721649484536082
361,0.3982659427923183,0.334020618556701
362,0.3290252005510088,0.3554639175257732
363,0.6936228830726845,0.27717938144329896
364,0.29069767441860467,0.25773195876288657
365,0.43084028846932987,0.2536082474226804
366,0.33222591362126247,0.45257731958762887
367,0.40596386030305487,0.12577319587628866
368,0.35839883315776677,0.30515463917525776
369,0.45146260432703994,0.7010309278350515
370,0.4616319585122762,0.8132618556701031
371,0.3291062312616482,0.36907216494845363
372,0.20257677659833076,0.2618556701030928
373,0.2917105583015963,0.3871134020618557
374,0.37456445993031356,0.4402061855670103
375,0.36463819787699536,0.15670103092783505
376,0.1289198606271777,0.3958762886597938
377,0.3407341382383923,0.1670103092783505
378,0.2917105583015963,0.25773195876288657
379,0.38011506360910785,0.3938144329896907
380,0.5053885422575156,0.8783505154639175
381,0.34053156146179403,0.24536082474226803
382,0.49465197309780407,0.44329896907216493
383,0.33785754801069606,0.21958762886597938
384,0.3016773357102342,0.20618556701030927
385,0.4105826108094968,0.22474226804123712
386,0.38777246576452473,0.26597938144329897
387,0.2917105583015963,0.2536082474226804
388,0.3075115468762661,0.3494845360824742
389,0.3633011911514464,0.13814432989690723
390,0.3291872619722875,0.49690721649484537
391,0.6062312616481647,0.5061855670103093
392,0.35519812008751317,0.3401855670103093
393,0.4132566242605948,0.22268041237113403
394,0.4898306458147638,0.5319587628865979
395,0.41990114253302,0.3463917525773196
396,0.40478891499878455,0.30927835051546393
397,0.4246009237501013,0.23711340206185566
398,0.63106717445912,0.3649484536082474
399,0.5734543391945547,0.5773195876288659
400,0.43756583745239447,0.7005154639175257
401,0.38777246576452473,0.12371134020618557
402,0.17838910947249007,0.4577319587628866
403,0.3630175836642087,0.23711340206185566
404,0.4549064095292116,0.47010309278350515
405,0.3605461469897091,0.3734721649484536
406,0.3178024471274613,0.3082474226804124
407,0.9083542662669152,0.4927835051546392
408,0.33060529940847583,0.2597938144329897
409,0.342354752451179,0.2927835051546392
410,0.28603840855684304,0.42536082474226805
411,0.6739729357426465,0.44329896907216493
412,0.8812089782027388,0.2329896907216495
413,0.3727412689409286,0.6494845360824743
414,0.36463819787699536,0.2865979381443299
415,0.13686087026983226,0.27835051546391754
416,0.5185965480917267,0.5670103092783505
417,0.34814844826189123,0.22475876288659793
418,0.2739648326715825,0.40288659793814435
419,0.4641844258974151,0.36082474226804123
420,0.06806579693703914,0.17608247422680412
421,0.22631877481565513,0.16474226804123712
422,0.07778948221375902,0.25257731958762886
423,0.43914593630986143,0.3731958762886598
424,0.07657402155416904,0.1670103092783505
425,0.43217729519487885,0.43711340206185567
426,0.17826756340653108,0.23917525773195877
427,0.24309213191799692,0.24536082474226803
428,0.17340572076817112,0.18628865979381443
429,0.5005266996191556,0.2268041237113402
430,0.4905599222105178,0.24329896907216494
431,0.2528158171947168,0.3358762886597938
432,0.15890122356373065,0.3556701030927835
433,0.35450935904707886,0.4329896907216495
434,0.39927882667530995,0.26288659793814434
435,0.6681792399319342,0.3917525773195876
436,0.45433919455473626,0.41216494845360824
437,0.34843205574912894,0.2463917525773196
438,0.24309213191799692,0.24742268041237114
439,0.23028927963698242,0.2268041237113402
440,0.37691435053885425,0.42061855670103093
441,0.36463819787699536,0.4329896907216495
442,0.3766712584069362,0.38762886597938145
443,0.38894741106879505,0.3618556701030928
444,0.185195689166194,0.2020618556701031
445,0.2066283121302974,0.3319587628865979
446,0.28421521756745804,0.2268041237113402
447,0.3242849039786079,0.5431649484536083
448,0.2917105583015963,0.31958762886597936
449,0.33550765740215543,0.12862474226804124
450,0.4856980795721578,0.3890721649484536
451,0.3415444453447857,0.2556701030927835
452,0.12446317154201442,0.3685360824742268
453,0.4305971963374119,0.3443298969072165
454,0.3840855684304351,0.3020618556701031
455,0.4630094805931448,0.5154639175257731
456,0.37642816627501824,0.38556701030927837
457,0.2763147232801232,0.43711340206185567
458,0.48423952678064985,0.3917525773195876
459,0.14889393079977312,0.30515463917525776
460,0.60679847662264,0.9072164948453608
461,0.2159468438538206,0.5175257731958763
462,0.34357021311076896,0.27319587628865977
463,0.5317640385706183,0.43072164948453606
464,0.5547767603921886,0.7835051546391752
465,0.43096183453528886,0.6123711340206186
466,0.24005348026902196,0.18447628865979382
467,0.6495826918402074,0.6721649484536083
468,0.47994489911676524,0.7711340206185567
469,0.10128838829916538,0.31958762886597936
470,0.18231909893849768,0.33814432989690724
471,0.31431812656997,0.27319587628865977
472,0.38894741106879505,0.3030927835051546
473,0.41686249088404503,0.3216494845360825
474,0.49602949517867273,0.36082474226804123
475,0.43756583745239447,0.32989690721649484
476,0.06182643221781055,0.177319587628866
477,0.1079734219269103,0.23711340206185566
478,0.3844907219836318,0.27422680412371137
479,0.6311482051697593,0.35625773195876287
480,0.32132728304027225,0.31958762886597936
481,0.23434081516894903,0.18824742268041236
482,0.3192204845636496,0.07195876288659794
483,0.5142208897172028,0.8865979381443299
484,0.36950004051535534,0.37938144329896906
485,0.316019771493396,0.26804123711340205
486,0.30528320233368444,0.24742268041237114
487,0.07657402155416904,0.2329896907216495
488,0.3971720281986873,0.4674226804123711
489,0.37152580828133863,0.28865979381443296
490,0.6321205736974314,0.5958762886597938
491,0.09350944007778948,0.3030927835051546
492,0.3077546390081841,0.256701030927835
493,0.3870837047240904,0.44329896907216493
494,0.3185317235232153,0.4294845360824742
495,0.38894741106879505,0.3319587628865979
496,0.38894741106879505,0.256701030927835
497,0.5898630580990195,0.34
498,0.2751802933311725,0.4178659793814433
499,0.368689733408962,0.26783505154639176
500,0.37221456932177294,0.27628865979381445
501,0.4292196742565432,0.19896907216494844
502,0.4950976420063204,0.8306412371134021
503,0.423304432379872,0.32577319587628867
504,0.41358074710315207,0.5463917525773195
505,0.3861518515517381,0.4350515463917526
506,0.4423466493801151,0.4824742268041237
507,0.43756583745239447,0.2190721649484536
508,0.4856980795721578,0.30927835051546393
509,0.20257677659833076,0.32783505154639175
510,0.47755449315290494,0.6510309278350516
511,0.30386516489749615,0.3628865979381443
512,0.5388542257515598,0.2721649484536082
513,0.6056235313183697,0.9201257731958763
514,0.3686087026983227,0.177319587628866
515,0.4132566242605948,0.36082474226804123
516,0.24937201199254516,0.2639175257731959
517,0.2917105583015963,0.22164948453608246
518,0.20257677659833076,0.08103092783505154
519,0.3669070577748967,0.3670103092783505
520,0.28360748723766305,0.22164948453608246
521,0.36155903087270075,0.38762886597938145
522,0.5159630499959484,0.22938144329896906
523,0.46807390000810306,0.32577319587628867
524,0.4628069038165465,0.5608247422680412
525,0.5915647030224455,0.6494845360824743
526,0.4456689085163277,0.511340206185567
527,0.4108257029414148,0.43969072164948453
528,0.16441131188720526,0.27422680412371137
529,0.6929746373875699,0.3704432989690722
530,0.5606109715582206,0.47216494845360824
531,0.3539826594279232,0.4329896907216495
532,0.2934932339356616,0.2670103092783505
533,0.33364395105745076,0.25773195876288657
534,0.3798314561218702,0.5422680412371134
535,0.16380358155741026,0.28865979381443296
536,0.24309213191799692,0.23195876288659795
537,0.45158415039299893,0.5268041237113402
538,0.3556032736407098,0.22268041237113403
539,0.4304756502714529,0.5855670103092784
540,0.25848796693947007,0.2329896907216495
541,0.6016530264970423,0.2907216494845361
542,0.4472895227291143,0.22268041237113403
543,0.8861518515517381,0.36082474226804123
544,0.12948707560165304,0.4824742268041237
545,0.45948464468033384,0.25051546391752577
546,0.4055587067498582,0.35051546391752575
547,0.5634470464305972,0.22268041237113403
548,0.8824244388623288,0.38144329896907214
549,0.5407179320962645,0.5525773195876289
550,0.27785430678227047,0.2639175257731959
551,0.4536909488696216,0.6701030927835051
552,0.41208167895632447,0.44123711340206184
553,0.4994327850255247,0.6527835051546391
554,0.2849039786078924,0.2803298969072165
555,0.5307916700429463,0.29402061855670103
556,0.29705858520379225,0.24742268041237114
557,0.5331415606514869,0.46288659793814435
558,0.40381654647111254,0.35051546391752575
559,0.4254112308564946,0.2865979381443299
560,0.34357021311076896,0.2443298969072165
561,0.25492261567133945,0.29896907216494845
562,0.4771493395997083,0.3391752577319588
563,0.14601734057207683,0.30103092783505153
564,0.49226156713394376,0.2711340206185567
565,0.5909164573373309,0.3750515463917526
566,0.5147070739810388,0.5222536082474227
567,0.47974232234016695,0.2443298969072165
568,0.5469572968154931,0.6701030927835051
569,0.24795397455635687,0.27422680412371137
570,0.4636172109229398,0.762680412371134
571,0.4159711530670124,0.26804123711340205
572,0.35410420549388216,0.2824742268041237
573,0.368689733408962,0.16391752577319588
574,0.3370877562596224,0.38329896907216493
575,0.5460659589984604,0.9318556701030928
576,0.26740134510979663,0.2845360824742268
577,0.1796856008427194,0.28865979381443296
578,0.32371768900413256,0.2268041237113402
579,0.4579045458228669,0.6577319587628866
580,0.14585527915079816,0.23609072164948453
581,0.15890122356373065,0.4004144329896907
582,0.5260513734705453,0.4484536082474227
583,0.079004942873349,0.311340206185567
584,0.44271128757799205,0.5670103092783505
585,0.36463819787699536,0.2907216494845361
586,0.40681468276476784,0.4536082474226804
587,0.1289198606271777,0.311340206185567
588,0.5187180941576858,0.4556701030927835
589,0.5510088323474597,0.422680412371134
590,0.5049833887043189,0.3134020618556701
591,0.316019771493396,0.4639175257731959
592,0.49299084352969774,0.7404123711340206
593,0.32181346730410826,0.2443298969072165
594,0.447694676282311,0.6453608247422681
595,0.42115711854792964,0.30515463917525776
596,0.48152499797423226,0.5391752577319587
597,0.34041001539583504,0.3030927835051546
598,0.060408394781622236,0.1556701030927835
599,0.35653512681306215,0.28350515463917525
600,0.3184912081678956,0.3777319587628866
601,0.29280447289522726,0.2175257731958763
602,0.473786565108176,0.6490989690721649
603,0.49607001053399236,0.6288659793814433
604,0.33417065067660645,0.13814432989690723
605,0.43756583745239447,0.4948453608247423
606,0.2862004699781217,0.27835051546391754
607,0.08577100721173325,0.3474226804123711
608,0.421359695324528,0.3405154639175258
609,0.4051535531966615,0.32989690721649484
610,0.5000405153553197,0.28845360824742267
611,0.38894741106879505,0.3154639175257732
612,0.4702212138400454,0.27835051546391754
613,0.3654485049833887,0.3474226804123711
614,0.36463819787699536,0.2556701030927835
615,0.18596548091726764,0.43195876288659796
616,0.4821327283040272,0.17010309278350516
617,0.3747670367069119,0.2874226804123711
618,0.2827566647759501,0.29690721649484536
619,0.44145531156308243,0.41237113402061853
620,0.24795397455635687,0.12371134020618557
621,0.24309213191799692,0.19175257731958764
622,0.3556032736407098,0.17525773195876287
623,0.16133214488291062,0.5454865979381444
624,0.5136131593874078,0.5649484536082474
625,0.2856332550036464,0.465979381443299
626,0.5615428247305729,0.711340206185567
627,0.4372822299651568,0.3134020618556701
628,0.37221456932177294,0.7646969072164949
629,0.4266266915160846,0.29536082474226805
630,0.2917105583015963,0.20268041237113402
631,0.42346649380115065,0.31958762886597936
632,0.31196823596142936,0.31958762886597936
633,0.07843772789887367,0.17422680412371133
634,0.3291872619722875,0.424639175257732
635,0.3680414877238473,0.22268041237113403
636,0.35450935904707886,0.3938144329896907
637,0.4181184668989547,0.27835051546391754
638,0.42285876347135565,0.7216494845360825
639,0.06806579693703914,0.18144329896907216
640,0.4054371606838992,0.3
641,0.2917105583015963,0.30721649484536084
642,0.7091402641601167,0.20103092783505155
643,0.40260108581152254,0.3443298969072165
644,0.5017421602787456,0.40804123711340207
645,0.5493882181346731,0.2268041237113402
646,0.40563973746049753,0.28350515463917525
647,0.846608864759744,0.8721649484536083
648,0.4535288874483429,0.47525773195876286
649,0.7475083056478405,0.26597938144329897
650,0.3291872619722875,0.3989690721649485
651,0.5743051616562678,0.3463917525773196
652,0.46997812170812736,0.28350515463917525
653,0.3497690624746779,0.3577319587628866
654,0.26857629041406694,0.21360824742268042
655,0.45579774734624423,0.3402061855670103
656,0.5851227615266186,0.5309278350515464
657,0.3727412689409286,0.28865979381443296
658,0.09273964832671583,0.3061855670103093
659,0.38894741106879505,0.17938144329896907
660,0.365529535694028,0.22577319587628866
661,0.47986386840612594,0.7680412371134021
662,0.4029252086540799,0.2649484536082474
663,0.3246090268211652,0.2948453608247423
664,0.18231909893849768,0.3287298969072165
665,0.11696783080787619,0.35670103092783506
666,0.45571671663560487,0.5876288659793815
667,0.6794425087108014,0.4556701030927835
668,0.20508872862815006,0.42783505154639173
669,0.41354023174783244,0.46984536082474226
670,0.20683088890689572,0.3068041237113402
671,0.3277287091807795,0.8082474226804124
672,0.30698484725711045,0.40144329896907216
673,0.1793209626448424,0.2907216494845361
674,0.21878291872619723,0.2236701030927835
675,0.24795397455635687,0.29175257731958765
676,0.5595575723199092,0.3628865979381443
677,0.24309213191799692,0.18350515463917524
678,0.2601085811522567,0.25463917525773194
679,0.342354752451179,0.28556701030927834
680,0.17348675147881046,0.4041237113402062
681,0.5806255570861356,0.6443298969072165
682,0.38894741106879505,0.28865979381443296
683,0.5039299894660076,0.7462247422680413
684,0.3091321610890527,0.28865979381443296
685,0.3403289846851957,0.43917525773195876
686,0.22688598979013047,0.1134020618556701
687,0.2528158171947168,0.5237113402061856
688,0.36536747427274935,0.3701855670103093
689,0.290170974799449,0.2265979381443299
690,0.1673284174702212,0.10721649484536082
691,0.35296977554493153,0.21190927835051546
692,0.1892472246981606,0.38969072164948454
693,0.40000810307106394,0.26597938144329897
694,0.5476460578559273,0.2690721649484536
695,0.4108257029414148,0.3402061855670103
696,0.43756583745239447,0.3288659793814433
697,0.4051535531966615,0.3237113402061856
698,0.4271128757799206,0.7030927835051546
699,0.40191232477108824,0.2649484536082474
700,0.265902276962969,0.5670103092783505
701,0.1793209626448424,0.2948453608247423
702,0.3289846851956892,0.256701030927835
703,0.3310914836723118,0.27835051546391754
704,0.5382870107770845,0.6597938144329897
705,0.2819868730248764,0.24845360824742269
706,0.8789806336601572,0.4577319587628866
707,0.29632930880803826,0.40103092783505156
708,0.4649137022931691,0.2268041237113402
709,0.2528158171947168,0.21237113402061855
710,0.2183372498176809,0.48762886597938143
711,0.3885422575155984,0.3865979381443299
712,0.4620371120654728,0.4587628865979381
713,0.4051535531966615,0.2709278350515464
714,0.3637468600599627,0.22268041237113403
715,0.43756583745239447,0.33608247422680415
716,0.3461631958512276,0.19278350515463918
717,0.423912162709667,0.49463917525773193
718,0.43756583745239447,0.36907216494845363
719,0.3773195040920509,0.3917525773195876
720,0.38894741106879505,0.2721649484536082
721,0.27420792480350054,0.2927835051546392
722,0.342354752451179,0.36907216494845363
723,0.5220808686492181,0.36082474226804123
724,0.2185803419495989,0.3711340206185567
725,0.3631391297301677,0.6181443298969073
726,0.3563325500364638,0.4865979381443299
727,0.474029657240094,0.5484103092783505
728,0.42917915890122355,0.5369072164948454
729,0.34053156146179403,0.2020618556701031
730,0.35653512681306215,0.19896907216494844
731,0.3139940037274127,0.334020618556701
732,0.3741998217324366,0.44742268041237115
733,0.4148772384733814,0.568041237113402
734,0.3212867676849526,0.3216494845360825
735,0.13086459768252168,0.3556701030927835
736,0.4363098614374848,0.43711340206185567
737,0.47062636739324204,0.32762886597938146
738,0.09237501012883884,0.3698969072164948
739,0.49659671015314805,0.5979381443298969
740,0.368689733408962,0.26288659793814434
741,0.2800016206142128,0.20618556701030927
742,0.3500526699619156,0.4437113402061856
743,0.38205980066445183,0.6948453608247422
744,0.3868811279474921,0.5567010309278351
745,0.5909974880479701,0.5446020618556701
746,0.42221051778624097,0.40515463917525774
747,0.5067660643383842,0.32989690721649484
748,0.368689733408962,0.4470865979381443
749,0.29381735677821896,0.27814432989690724
750,0.35965480917267645,0.21030927835051547
751,0.31678956324446966,0.22061855670103092
752,0.41123085649461144,0.23608247422680412
753,0.5763714447775707,0.8144329896907216
754,0.18231909893849768,0.334020618556701
755,0.4541771331334576,0.45670103092783504
756,0.5408799935175431,0.29381443298969073
757,0.3403289846851957,0.29690721649484536
758,0.4266266915160846,0.27835051546391754
759,0.319058423142371,0.3628865979381443
760,0.289806336601572,0.362680412371134
761,0.6597925613807633,0.38577319587628867
762,0.3687302487642817,0.34123711340206186
763,0.2552467385138968,0.2639175257731959
764,0.39664532857953166,0.33298969072164947
765,0.43756583745239447,0.2865979381443299
766,0.4109067336520541,0.48041237113402063
767,0.24309213191799692,0.2224742268041237
768,0.4944899116765254,0.3865979381443299
769,0.1289198606271777,0.3303092783505155
770,0.4591605218377765,0.302680412371134
771,0.40191232477108824,0.5562680412371134
772,0.3710396240175026,0.4639175257731959
773,0.43886232882262377,0.40103092783505156
774,0.3403289846851957,0.3525773195876289
775,0.3321043675553035,0.2958762886597938
776,0.3110363827890771,0.2268041237113402
777,0.547686573211247,1.0
778,0.2917105583015963,0.36082474226804123
779,0.5185155173810875,0.41237113402061853
780,0.19447370553439752,0.2265979381443299
781,0.3321853982659428,0.38969072164948454
782,0.36463819787699536,0.24329896907216494
783,0.49728547119358235,0.46944329896907216
784,0.395024714366745,0.2793814432989691
785,0.866380358155741,0.4608247422680412
786,0.5429057612835264,0.3297938144329897
787,0.32817437808929584,0.21855670103092784
788,0.4108257029414148,0.3731958762886598
789,0.17980714690867838,0.2979381443298969
790,0.35296977554493153,0.11544948453608248
791,0.395024714366745,0.32556701030927837
792,0.33417065067660645,0.23917525773195877
793,0.4917348675147881,0.46371134020618554
794,0.4628879345271858,0.2824742268041237
795,0.5374361883153715,0.5587628865979382
796,0.35718337249817683,0.31958762886597936
797,0.25812332874159305,0.4618556701030928
798,0.29276395753990764,0.37731958762886597
799,0.24309213191799692,0.19175257731958764
800,0.5021473138319423,0.4639175257731959
801,0.40110201766469494,0.2876288659793814
802,0.45442022526537557,0.4795876288659794
803,0.5997488047970181,0.7938144329896907
804,0.24835912810955352,0.22577319587628866
805,0.3455554655214326,0.38969072164948454
806,0.10307106393323069,0.30391752577319586
807,0.4821327283040272,0.3422680412371134
808,0.12883882991653836,0.311340206185567
809,0.38684061259217245,0.488659793814433
810,0.4053156146179402,0.3443298969072165
811,0.319058423142371,0.28855670103092784
812,0.38894741106879505,0.2639175257731959
813,0.32817437808929584,0.31649484536082473
814,0.06806579693703914,0.20618556701030927
815,0.3859087594198201,0.29690721649484536
816,0.47674418604651164,0.2690721649484536
817,0.4924641439105421,0.28865979381443296
818,0.42298030953731464,0.3247422680412371
819,0.3654485049833887,0.36061855670103093
820,0.3241228425573292,0.2907216494845361
821,0.5131269751235719,0.317319587628866
822,0.6744591200064824,0.3525773195876289
823,0.37748156551332956,0.43917525773195876
824,0.6289198606271778,0.2752577319587629
825,0.38894741106879505,0.38556701030927837
826,0.1796856008427194,0.2711340206185567
827,0.12948707560165304,0.44329896907216493
828,0.28879345271858037,0.33814432989690724
829,0.4900332225913621,0.32577319587628867
830,0.7260351673284174,0.35051546391752575
831,0.2794344056397375,0.2618556701030928
832,0.4444534478567377,0.3030927835051546
833,0.3291872619722875,0.35876288659793815
834,0.421359695324528,0.3134020618556701
835,0.446843853820598,0.5154639175257731
836,0.30961834535288874,0.39164948453608245
837,0.47099100559111906,0.2711340206185567
838,0.39186451665181105,0.3134020618556701
839,0.32132728304027225,0.27319587628865977
840,0.3500526699619156,0.5166597938144329
841,0.35450935904707886,0.3061855670103093
842,0.4317316262863625,0.5131958762886598
843,0.2823920265780731,0.26597938144329897
844,0.5980876752289117,0.34845360824742266
845,0.4026416011668422,0.4865979381443299
846,0.26740134510979663,0.22577319587628866
847,0.35450935904707886,0.4134020618556701
848,0.36026253950247145,0.23917525773195877
849,0.4920184750020258,0.27422680412371137
850,0.2317478324284904,0.13711340206185568
851,0.36463819787699536,0.6257257731958763
852,0.3579126488939308,0.7216494845360825
853,0.47735191637630664,0.30515463917525776
854,0.28360748723766305,0.28144329896907216
855,0.28457985576533507,0.3237113402061856
856,0.557410258487967,0.3865979381443299
857,0.3904059638603031,0.3670103092783505
858,0.2513572644032088,0.2443298969072165
859,0.289684790535613,0.20618556701030927
860,0.20739810388137103,0.6781443298969072
861,0.340045377197958,0.29896907216494845
862,0.6671258406936229,0.2793814432989691
863,0.6427761121465035,0.5525773195876289
864,0.4926667206871404,0.3082474226804124
865,0.32671582529778787,0.2534020618556701
866,0.45312373389514626,0.3556701030927835
867,0.340896199659671,0.3185567010309278
868,0.5382059800664452,0.3402061855670103
869,0.2843367636334171,0.2450680412371134
870,0.28587634713556437,0.28865979381443296
871,0.35511708937687386,0.21958762886597938
872,0.2843367636334171,0.2947484536082474
873,0.2833238797504254,0.27835051546391754
874,0.2973827080463496,0.2268041237113402
875,0.35296977554493153,0.3154639175257732
876,0.319058423142371,0.3711340206185567
877,0.6020176646949194,0.4948453608247423
878,0.25010128838829915,0.25876288659793817
879,0.40191232477108824,0.2639175257731959
880,0.5469978121708128,0.5257731958762887
881,0.4659265861761608,0.5154639175257731
882,0.3599789320152338,0.27010309278350514
883,0.5100478081192772,0.35876288659793815
884,0.46997812170812736,0.3181443298969072
885,0.3762255894984199,0.2958762886597938
886,0.24795397455635687,0.18144329896907216
887,0.2540312778543068,0.29896907216494845
888,0.12154606595899846,0.3582123711340206
889,0.08107122599465197,0.15463917525773196
890,0.36463819787699536,0.07280618556701031
891,0.6944331901790779,0.27835051546391754
892,0.5317640385706183,0.49072164948453606
893,0.446843853820598,0.36391752577319586
894,0.342840936715015,0.4144329896907217
895,0.3556032736407098,0.30082474226804123
896,0.41475569240742244,0.35049484536082476
897,0.3246090268211652,0.3979381443298969
898,0.4148772384733814,0.42783505154639173
899,0.6324852118953084,0.36082474226804123
900,0.48614374848067415,0.5876288659793815
901,0.40110201766469494,0.3628865979381443
902,0.4796207762742079,0.48762886597938143
903,0.526942711287578,0.4577319587628866
904,0.36159954622802043,0.4144329896907217
905,0.368689733408962,0.2422680412371134
906,0.472814196580504,0.6597938144329897
907,0.3438538205980066,0.3917525773195876
908,0.23600194473705535,0.16474226804123712
909,0.40851632768819385,0.38123711340206184
910,0.39198606271777003,0.5216494845360825
911,0.3549145126002755,0.49443092783505155
912,0.9760149096507577,0.5039175257731959
913,0.5121140912405802,0.3111340206185567
914,0.35471193582367716,0.44123711340206184
915,0.3124139048699457,0.30927835051546393
916,0.5824082327202009,0.28350515463917525
917,0.35734543391945545,0.2575257731958763
918,0.3307268454744348,0.2948453608247423
919,0.5889312049266672,0.5567010309278351
920,0.5674580666072442,0.39690721649484534
921,0.3792237257920752,0.4072164948453608
922,0.2917105583015963,0.26597938144329897
923,0.316019771493396,0.24721649484536082
924,0.2917105583015963,0.2760824742268041
925,0.44870756016530267,0.354639175257732
926,0.38084434000486184,0.26288659793814434
927,0.28911757556113765,0.29896907216494845
928,0.052669961915566,0.2556701030927835
929,0.30062393647192287,0.2721649484536082
930,0.342354752451179,0.38144329896907214
931,0.10420549388218135,0.31958762886597936
932,0.29199416578883397,0.24020618556701032
933,0.49538124949355805,0.5608247422680412
934,0.09350944007778948,0.31958762886597936
935,0.48306458147637954,0.4927835051546392
936,0.4584717607973422,0.44309278350515463
937,0.41475569240742244,0.3688659793814433
938,0.38894741106879505,0.32989690721649484
939,0.2994084758123329,0.27835051546391754
940,0.24005348026902196,0.07814432989690721
941,0.420630418928774,0.28865979381443296
942,0.43756583745239447,0.27835051546391754
943,0.09188882586500284,0.35670103092783506
944,0.3197471841828053,0.20515463917525772
945,0.4715582205655944,0.3752577319587629
946,0.46244226561866947,0.34536082474226804
947,0.10740620695243497,0.3402061855670103
948,0.2390405963860303,0.17628865979381445
949,0.17316262863625315,0.41216494845360824
950,0.3828701077708451,0.2268041237113402
951,0.35718337249817683,0.2865979381443299
952,0.4911271371849931,0.36783505154639173
953,0.4944088809658861,0.6927835051546392
954,0.1289198606271777,0.32968041237113405
955,0.45579774734624423,0.5276288659793814
956,0.4102179726116198,0.2597938144329897
957,0.44080706587796775,0.25773195876288657
958,0.21513653674742728,0.24123711340206186
959,0.41159549469248846,0.8148288659793814
960,0.4880479701806985,0.4020618556701031
961,0.3291872619722875,0.4061855670103093
962,0.3829511384814845,0.7175257731958763
963,0.7159468438538206,0.3463917525773196
964,0.39542986791994167,0.38556701030927837
965,0.35839883315776677,0.35855670103092785
966,0.5046592658617616,0.6958762886597938
967,0.19090835426626693,0.25072164948453607
968,0.4318531723523215,0.28144329896907216
969,0.4747184182805283,0.38144329896907214
970,0.396483267158253,0.18762886597938144
971,0.2739648326715825,0.4247422680412371
972,0.41349971639251276,0.16907216494845362
973,0.21878291872619723,0.177319587628866
974,0.4844421035572482,0.47835051546391755
975,0.4659265861761608,0.2822783505154639
976,0.1289198606271777,0.3731958762886598
977,0.3397212543554007,0.30907216494845363
978,0.4924641439105421,0.3371134020618557
979,0.08982254274369986,0.18144329896907216
980,0.49096507576371445,0.4948453608247423
981,0.24309213191799692,0.21030927835051547
982,0.8624098533344138,0.27835051546391754
983,0.39806336601571995,0.20618556701030927
984,0.4291386435459039,0.3402061855670103
985,0.2917105583015963,0.17525773195876287
986,0.472571104448586,0.24577319587628865
987,0.3403289846851957,0.46804123711340206
988,0.4814439672635929,0.41855670103092785
989,0.23555627582853902,0.3865979381443299
990,0.4369175917672798,0.32989690721649484
991,0.12207276557815412,0.44018556701030925
992,0.28457985576533507,0.3628865979381443
993,0.30005672149744755,0.4
994,0.3824244388623288,0.17938144329896907
995,0.1289198606271777,0.3938144329896907
996,0.627906976744186,0.5917525773195876
997,0.31196823596142936,0.23195876288659795
998,0.3767928044728952,0.34536082474226804
999,0.38570618264322176,0.6042824742268041
1000,0.38457175269427113,0.21649484536082475
1001,0.06806579693703914,0.24329896907216494
1002,0.2869297463738757,0.32989690721649484
1003,0.6426950814358642,0.4061855670103093
1004,0.5891337817032656,0.6391752577319587
1005,0.3291872619722875,0.4742268041237113
1006,0.2554493152904951,0.24690721649484537
1007,0.4659265861761608,0.1731958762886598
1008,0.522567052913054,0.6505154639175258
1009,0.37436188315371527,0.5917525773195876
1010,0.06211003970504821,0.2
1011,0.059841179807146906,0.16494845360824742
1012,0.5317640385706183,0.31958762886597936
1013,0.369905194068552,0.35670103092783506
1014,0.21801312697512357,0.4041237113402062
1015,0.4796612916295276,0.5407835051546391
1016,0.38894741106879505,0.5731958762886598
1017,0.554250060773033,0.2878350515463918
1018,0.37456445993031356,0.29896907216494845
1019,0.8812089782027388,0.23711340206185566
1020,0.4497204440482943,0.17505154639175258
1021,0.3643545903897577,0.3638865979381443
1022,0.45275909569726924,0.4126618556701031
1023,0.38489587553682847,0.3402061855670103
1024,0.3468924722469816,0.2979381443298969
1025,0.46053804391864517,0.5257731958762887
1026,0.4602949517867272,0.3711340206185567
1027,0.2857142857142857,0.3831958762886598
1028,0.45814763795478486,0.6907216494845361
1029,0.4568106312292359,0.4536082474226804
1030,0.19933554817275748,0.4402061855670103
1031,0.7292763957539907,0.1670103092783505
1032,0.5510088323474597,0.18556701030927836
1033,0.24309213191799692,0.22783505154639175
1034,0.4456689085163277,0.31752577319587627
1035,0.5672149744753261,0.6762886597938145
1036,0.31751883964022365,0.3670103092783505
1037,0.39542986791994167,0.3461855670103093
1038,0.16060286848715663,0.31216494845360826
1039,0.38894741106879505,0.27835051546391754
1040,0.4113118872052508,0.27835051546391754
1041,0.474029657240094,0.31752577319587627
1042,0.3073089700996678,0.18865979381443299
1043,0.3220970747913459,0.3288659793814433
1044,0.34664938011506363,0.4
1045,0.5317640385706183,0.45257731958762887
1046,0.43756583745239447,0.35051546391752575
1047,0.6429786889231018,0.2861855670103093
1048,0.1796856008427194,0.32144329896907214
1049,0.3555222429300705,0.2597938144329897
1050,0.4472895227291143,0.29896907216494845
1051,0.30386516489749615,0.27422680412371137
1052,0.3544688436917592,0.3958762886597938
1053,0.35653512681306215,0.32989690721649484
1054,0.5279555951705697,0.3865979381443299
1055,0.3674337573940523,0.3030927835051546
1056,0.07997731140102099,0.17216494845360825
1057,0.42840936715014993,0.5195876288659794
1058,0.10217972611619804,0.28350515463917525
1059,0.13434891824001297,0.4061855670103093
1060,0.3461631958512276,0.19154639175257732
1061,0.0875131674904789,0.32989690721649484
1062,0.3403289846851957,0.28144329896907216
1063,0.3739567296005186,0.30103092783505153
1064,0.23774410501580098,0.26597938144329897
1065,0.37748156551332956,0.3637773195876289
1066,0.2788266753099425,0.2618556701030928
1067,0.1497447532614861,0.35051546391752575
1068,0.24309213191799692,0.2639175257731959
1069,0.4813224211976339,0.3237113402061856
1070,0.3403289846851957,0.12371134020618557
1071,0.3953488372093023,0.2463917525773196
1072,0.28360748723766305,0.27835051546391754
1073,0.36099181589822543,0.3288659793814433
1074,0.08167895632444697,0.21855670103092784
1075,0.49655619479782837,0.6701030927835051
1076,0.41961753504578236,0.3709278350515464
1077,0.9422656186694758,0.5664432989690722
1078,0.3266753099424682,0.3731958762886598
1079,0.4603354671420468,0.5773195876288659
1080,0.3241228425573292,0.38762886597938145
1081,0.4246009237501013,0.422680412371134
1082,0.2876590227696297,0.26783505154639176
1083,0.36151851551738107,0.277319587628866
1084,0.21878291872619723,0.24123711340206186
1085,0.48962806903816547,0.6556701030927835
1086,0.3139940037274127,0.37958762886597935
1087,0.39559192934122034,0.26804123711340205
1088,0.5601247872943845,0.28865979381443296
1089,0.30629608621667614,0.2756701030927835
1090,0.33477838100640145,0.2441237113402062
1091,0.4085568430435135,0.43896907216494846
1092,0.3616400615833401,0.2309278350515464
1093,0.3810469167814602,0.24329896907216494
1094,0.36970261729195364,0.3379381443298969
1095,0.42273721740539666,0.23711340206185566
1096,0.1492585689976501,0.35876288659793815
1097,0.5903897577181751,0.534020618556701
1098,0.47791913135078196,0.44329896907216493
1099,0.2917105583015963,0.28865979381443296
1100,0.31618183291467467,0.27835051546391754
1101,0.43400048618426385,0.19278350515463918
1102,0.40110201766469494,0.2422680412371134
1103,0.39818491208167894,0.49381443298969074
1104,0.35544121221943115,0.34845360824742266
1105,0.2503848958755368,0.21030927835051547
1106,0.38894741106879505,0.24536082474226803
1107,0.25694838343732274,0.19381443298969073
1108,0.397820273883802,0.4041237113402062
1109,0.3537395672960052,0.29690721649484536
1110,0.29778786159954623,0.2865979381443299
1111,0.41747022121384003,0.4072164948453608
1112,0.40373551576047323,0.876020618556701
1113,0.36463819787699536,0.16494845360824742
1114,0.49347702779353375,0.16494845360824742
1115,0.2528158171947168,0.30721649484536084
1116,0.45377197958026094,0.3711340206185567
1117,0.48618426383599384,0.3597938144329897
1118,0.23093752532209708,0.24103092783505153
1119,0.36463819787699536,0.2948453608247423
1120,0.33546714204683575,0.2556701030927835
1121,0.7193501337006726,0.30907216494845363
1122,0.5718742403370878,0.4742268041237113
1123,0.23863544283283364,0.24845360824742269
1124,0.5550603678794263,0.4160824742268041
1125,0.43626934608216517,0.44948453608247424
1126,0.37881857223887855,0.3709278350515464
1127,0.20261729195365044,0.4742268041237113
1128,0.48342921967425656,0.4848
1129,0.36950004051535534,0.38144329896907214
1130,0.09237501012883884,0.30103092783505153
1131,0.5987359209140264,0.4618556701030928
1132,0.35345595980876754,0.26597938144329897
1133,0.5226480836236934,0.22465773195876287
1134,0.654606595899846,0.4
1135,0.3865570051049348,0.48076288659793814
1136,0.424398346973503,0.5058762886597938
1137,0.4396726359290171,0.35670103092783506
1138,0.556194797828377,0.4845360824742268
1139,0.4002917105583016,0.3525773195876289
1140,0.36950004051535534,0.33608247422680415
1141,0.16275018231909893,0.3544329896907216
1142,0.7304918564135807,0.4134020618556701
1143,0.6709342840936715,0.4927835051546392
1144,0.4326229641033952,0.5876288659793815
1145,0.28162223482699944,0.2463917525773196
1146,0.16003565351268131,0.23711340206185566
1147,0.31119844421035575,0.31938144329896906
1148,0.3376954865894174,0.19175257731958764
1149,0.45255651892067095,0.5154639175257731
1150,0.2263592901709748,0.8092783505154639
1151,0.43756583745239447,0.24742268041237114
1152,0.394538530102909,0.21628865979381443
1153,0.4300704967182562,0.1958762886597938
1154,0.50486184263836,0.5402061855670103
1155,0.3620046997812171,0.4020618556701031
1156,0.30386516489749615,0.38969072164948454
1157,0.10716311482051698,0.35876288659793815
1158,0.38894741106879505,0.25773195876288657
1159,0.18231909893849768,0.3402061855670103
1160,0.37938578721335386,0.32577319587628867
1161,0.3252977878615995,0.3628865979381443
1162,0.5694028036625881,0.45197938144329897
1163,0.35856089457904544,0.29690721649484536
1164,0.368689733408962,0.3670103092783505
1165,0.45519001701644923,0.30515463917525776
1166,0.37894011830483754,0.23927835051546392
1167,0.421359695324528,0.40804123711340207
1168,0.24309213191799692,0.24123711340206186
1169,0.395024714366745,0.43917525773195876
1170,0.4108257029414148,0.31649484536082473
1171,0.5949274775139778,0.5606185567010309
1172,0.3605866623450288,0.22061855670103092
1173,0.3701077708451503,0.41237113402061853
1174,0.31452070334656834,0.28865979381443296
1175,0.4125273478648408,0.5979381443298969
1176,0.45450125597601493,0.38969072164948454
1177,0.49161332144882913,0.33814432989690724
1178,0.37841341868568185,0.2329896907216495
1179,0.4151203306052994,0.29896907216494845
1180,0.4134592010371931,0.277319587628866
1181,0.2874159306377117,0.25773195876288657
1182,0.3618021230046187,0.2309278350515464
1183,0.3500526699619156,0.47310515463917524
1184,0.2528158171947168,0.16597938144329896
1185,0.06806579693703914,0.18865979381443299
1186,0.316019771493396,0.23711340206185566
1187,0.33425168138724576,0.27628865979381445
1188,0.42524916943521596,0.2948453608247423
1189,0.43270399481403454,0.2843298969072165
1190,0.6232882262377442,0.37938144329896906
1191,0.42468195446074064,0.29896907216494845
1192,0.5914431569564865,0.44123711340206184
1193,0.3594522323960781,0.3030927835051546
1194,0.3552791507981525,0.7573072164948453
1195,0.3204764605785593,0.2618556701030928
1196,0.7653350619884937,0.3917525773195876
1197,0.31310266591038005,0.27319587628865977
1198,0.39875212705615426,0.20989690721649484
1199,0.4926667206871404,0.2927835051546392
1200,0.34539340410015396,0.26804123711340205
1201,0.5320476460578559,0.28636494845360827
1202,0.10647435378008265,0.3618556701030928
1203,0.5021067984766227,0.4020618556701031
1204,0.5296167247386759,0.29381443298969073
1205,0.366137266023823,0.5482474226804124
1206,0.33052426869783647,0.46371134020618554
1207,0.3990357345433919,0.5120164948453608
1208,0.4304756502714529,0.35051546391752575
1209,0.5627988007454825,0.9587628865979382
1210,0.46329308808038244,0.4742268041237113
1211,0.4898306458147638,0.3670103092783505
1212,0.3291872619722875,0.3845360824742268
1213,0.49947330038084436,0.35030927835051545
1214,0.38894741106879505,0.2670103092783505
1215,0.2917105583015963,0.24536082474226803
1216,0.45215136536747425,0.5030927835051546
1217,0.12705615428247305,0.3541237113402062
1218,0.39940037274126894,0.26804123711340205
1219,0.7107203630175837,0.6061855670103092
1220,0.2808119277206061,0.34103092783505157
1221,0.2528158171947168,0.26288659793814434
1222,0.579491127137185,0.6216494845360825
1223,0.1644923425978446,0.20597938144329897
1224,0.3884207114496394,0.3917525773195876
1225,0.395024714366745,0.311340206185567
1226,1.0,0.3731958762886598
1227,0.38894741106879505,0.26577319587628867
1228,0.45579774734624423,0.33298969072164947
1229,0.5475650271452881,0.37216494845360826
1230,0.1644923425978446,0.3731958762886598
1231,0.15132485211895308,0.37917525773195876
1232,0.41001539583502145,0.2515463917525773
1233,0.5353699051940686,0.7804123711340206
1234,0.5712665100072928,0.7855670103092783
1235,0.45960619074629283,0.29690721649484536
1236,0.9559598087675228,0.5360824742268041
1237,0.3709585933068633,0.3829896907216495
1238,0.5480106960538044,0.2824742268041237
1239,0.46641277043999674,0.3649484536082474
1240,0.21724333522404993,0.2865979381443299
1241,0.4596467061016125,0.2824742268041237
1242,0.5241066364152014,0.334020618556701
1243,0.7240499149177538,0.40804123711340207
1244,0.38380196094319746,0.488659793814433
1245,0.30386516489749615,0.14103092783505156
1246,0.39737460497528565,0.46804123711340206
1247,0.32610809496799287,0.3711340206185567
1248,0.35653512681306215,0.31030927835051547
1249,0.38084434000486184,0.2865979381443299
1250,0.3904869945709424,0.34845360824742266
1251,0.24309213191799692,0.27319587628865977
1252,0.39664532857953166,0.2948453608247423
1253,0.2294789725305891,0.5731958762886598
1254,0.44830240661210596,0.5793814432989691
1255,0.5717526942711287,0.37216494845360826
1256,0.06806579693703914,0.2463917525773196
1257,0.26740134510979663,0.22164948453608246
1258,0.4108257029414148,0.3358762886597938
1259,0.3310914836723118,0.23711340206185566
1260,0.3403289846851957,0.28556701030927834
1261,0.3524835912810955,0.31958762886597936
1262,0.14889393079977312,0.28865979381443296
1263,0.30386516489749615,0.31752577319587627
1264,0.43602625395024713,0.4639175257731959
1265,0.30386516489749615,0.36597938144329895
1266,0.41001539583502145,0.5979381443298969
1267,0.35199740701725957,0.47835051546391755
1268,0.13625313994003727,0.26804123711340205
1269,0.5337087756259622,0.6701030927835051
1270,0.2817842962482781,0.4175257731958763
1271,0.3270399481403452,0.2845360824742268
1272,0.48618426383599384,0.3030927835051546
1273,0.289806336601572,0.3694845360824742
1274,0.7090187180941577,0.6907216494845361
1275,0.35710234178753747,0.41855670103092785
1276,0.3878129811198444,0.622680412371134
1277,0.5985738594927478,0.6869443298969072
1278,0.3318207600680658,0.24536082474226803
1279,0.44870756016530267,0.4265979381443299
1280,0.4143100234989061,0.6092639175257732
1281,0.17137995300218783,0.43072164948453606
1282,0.5988574669799854,0.5670103092783505
1283,0.4138643545903898,0.2288659793814433
1284,0.3403289846851957,0.32268041237113404
1285,0.2684952597034276,0.14948453608247422
1286,0.4126894092861194,0.3917525773195876
1287,0.2159468438538206,0.17010309278350516
1288,0.4045863382221862,0.3030927835051546
1289,0.14731383194230613,0.1134020618556701
1290,0.17300056721497448,0.16288659793814433
1291,0.26740134510979663,0.2690721649484536
1292,0.42298030953731464,0.5278350515463918
1293,0.3680414877238473,0.36391752577319586
1294,0.4051535531966615,0.46804123711340206
1295,0.4367555303460011,0.27319587628865977
1296,0.35965480917267645,0.20618556701030927
1297,0.2917105583015963,0.25876288659793817
1298,0.09594036139696945,0.25773195876288657
1299,0.3909731788347784,0.3461855670103093
1300,0.37460497528563325,0.27835051546391754
1301,0.16684223320638522,0.10824742268041238
1302,0.5449315290495098,0.41237113402061853
1303,0.3873267968560084,0.2649484536082474
1304,0.33603435702131107,0.2536082474226804
1305,0.554857791102828,0.31958762886597936
1306,0.3798314561218702,0.4711340206185567
1307,0.3062150555060368,0.3649484536082474
1308,0.4498419901142533,0.3213092783505155
1309,0.24309213191799692,0.22371134020618558
1310,0.8419495988979824,0.5412371134020618
1311,0.6201280285228101,0.584459793814433
1312,0.6561866947573131,0.44329896907216493
1313,0.2127056154282473,0.2515463917525773
1314,0.47172028198687305,0.41237113402061853
1315,0.3746454906409529,0.3525773195876289
1316,0.24309213191799692,0.27814432989690724
1317,0.5963860303054858,0.845360824742268
1318,0.41795640547767604,0.4845360824742268
1319,0.41293250141803745,0.35051546391752575
1320,0.38396402236447613,0.2268041237113402
1321,0.5079410096426545,0.30907216494845363
1322,0.08577100721173325,0.36597938144329895
1323,0.6781055019852524,0.6494845360824743
1324,0.39875212705615426,0.38969072164948454
1325,0.6546471112551657,0.5360824742268041
1326,0.5069686411149826,0.21628865979381443
1327,0.34434000486184263,0.32357113402061854
1328,0.12883882991653836,0.297220618556701
1329,0.30386516489749615,0.44536082474226807
1330,0.3718904464792156,0.3979381443298969
1331,0.1079734219269103,0.2618556701030928
1332,0.1796856008427194,0.29690721649484536
1333,0.43088080382464955,0.47835051546391755
1334,0.21878291872619723,0.21649484536082475
1335,0.38894741106879505,0.34123711340206186
1336,0.395024714366745,0.5655670103092784
1337,0.46187505064419415,0.9618556701030928
1338,0.4304756502714529,0.5154639175257731
1339,0.4453042703184507,0.4927835051546392
1340,0.25492261567133945,0.18762886597938144
1341,0.44558787780568837,0.24123711340206186
1342,0.079126488939308,0.1711340206185567
1343,0.39441698403695,0.34536082474226804
1344,0.3327120978850985,0.12061855670103093
1345,0.523660967506685,0.4896907216494845
1346,0.2917105583015963,0.3237113402061856
1347,0.36706911919617535,0.21649484536082475
1348,0.2202414715177052,0.25876288659793817
1349,0.6762823109958674,0.5154639175257731
1350,0.3451908273235556,0.2804123711340206
1351,0.6033546714204684,0.7783505154639175
1352,0.24309213191799692,0.27010309278350514
1353,0.368689733408962,0.4845360824742268
1354,0.3623693379790941,0.2556701030927835
1355,0.31755935499554333,0.2536082474226804
1356,0.43756583745239447,0.33608247422680415
1357,0.1638846122680496,0.5084082474226804
1358,0.5131269751235719,0.5798206185567011
1359,0.24795397455635687,0.28350515463917525
1360,0.2917105583015963,0.2845360824742268
1361,0.25002025767765984,0.28340206185567013
1362,0.24309213191799692,0.24742268041237114
1363,0.3004213596953245,0.3979381443298969
1364,0.2739648326715825,0.39975051546391754
1365,0.6181022607568268,0.5833443298969072
1366,0.42176484887772464,0.21649484536082475
1367,0.15565999513815737,0.5670103092783505
1368,0.34215217567458067,0.27422680412371137
1369,0.3557248197066688,0.2309278350515464
1370,0.313588850174216,0.25876288659793817
1371,0.8323474596872215,0.44329896907216493
1372,0.5032007130702536,0.4742268041237113
1373,0.38894741106879505,0.28865979381443296
1374,0.2917105583015963,0.18556701030927836
1375,0.4454258163844097,0.5298969072164949
1376,0.5288469329876023,0.4268041237113402
1377,0.14727331658698647,0.362680412371134
1378,0.45944412932501416,0.25257731958762886
1379,0.6703265537638765,0.7010309278350515
1380,0.3729033303622073,0.2556701030927835
1381,0.6636820354914512,0.45979381443298967
1382,0.474029657240094,0.3709278350515464
1383,0.16380358155741026,0.26288659793814434
1384,0.1796856008427194,0.28144329896907216
1385,0.7977473462442266,0.5669484536082474
1386,0.38501742160278746,0.29690721649484536
1387,0.4343651243821408,0.2927835051546392
1388,0.44340004861842636,0.5587628865979382
1389,0.44283283364395104,0.28865979381443296
1390,0.2917105583015963,0.24536082474226803
1391,0.5083056478405316,0.3771134020618557
1392,0.8885017421602788,0.3961649484536082
1393,0.19965967101531482,0.2963917525773196
1394,0.43756583745239447,0.13298969072164948
1395,0.4157280609350944,0.3845360824742268
1396,0.704967182562191,0.32989690721649484
1397,0.3403289846851957,0.35876288659793815
1398,0.36463819787699536,0.24845360824742269
1399,0.5041730815979256,0.8136432989690722
1400,0.3000972368527672,0.308659793814433
1401,0.46932987602301274,0.4061855670103093
1402,0.4669799854144721,0.3938144329896907
1403,0.1793209626448424,0.30783505154639174
1404,0.44579045458228667,0.6391752577319587
1405,0.3587229560003241,0.24948453608247423
1406,0.3443805202171623,0.37030927835051547
1407,0.3403289846851957,0.26597938144329897
1408,0.4051535531966615,0.4948453608247423
1409,0.47674418604651164,0.2309278350515464
1410,0.06211003970504821,0.18969072164948453
1411,0.36463819787699536,0.2804123711340206
1412,0.3752532209707479,0.5919381443298969
1413,0.14889393079977312,0.29896907216494845
1414,0.6975528725386921,0.17422680412371133
1415,0.30386516489749615,0.38144329896907214
1416,0.32076006806579693,0.36082474226804123
1417,0.5337898063366016,0.4329896907216495
1418,0.36633984280042137,0.5494845360824743
1419,0.39368770764119604,0.2930412371134021
1420,0.40260108581152254,0.30412371134020616
