country,date,sales,n_items,n_orders,day_of_week
Australia,2010-12-01,358.25,107,1,2
Australia,2010-12-08,258.90000000000003,214,1,2
Australia,2010-12-17,415.7,146,1,4
Australia,2011-01-06,7154.379999999997,4802,2,3
Australia,2011-01-10,81.6,96,1,0
Australia,2011-01-11,462.49999999999994,238,1,1
Australia,2011-01-14,177.00000000000003,60,1,4
Australia,2011-01-17,431.30000000000007,204,1,0
Australia,2011-01-19,238.5,113,1,2
Australia,2011-01-20,87.75,21,1,3
Australia,2011-01-28,384.6799999999999,110,1,4
Australia,2011-02-07,259.95,79,3,0
Australia,2011-02-15,14022.919999999998,8384,1,1
Australia,2011-02-27,412.54999999999995,217,1,6
Australia,2011-03-03,16726.84,10272,1,3
Australia,2011-03-09,210.89999999999998,90,1,2
Australia,2011-03-24,286.25,77,1,3
Australia,2011-04-01,350.0,1,1,4
Australia,2011-04-08,421.6000000000001,224,1,4
Australia,2011-05-12,475.1599999999999,184,1,3
Australia,2011-05-17,11924.800000000003,8268,1,1
Australia,2011-05-20,766.3599999999999,316,1,4
Australia,2011-05-23,472.0899999999999,231,1,0
Australia,2011-06-15,23426.81000000001,15241,2,2
Australia,2011-06-30,1760.9599999999998,740,2,3
Australia,2011-07-13,2796.36,4332,2,2
Australia,2011-07-14,902.0900000000001,429,1,3
Australia,2011-07-19,641.6700000000004,271,2,1
Australia,2011-07-24,505.4599999999999,214,1,6
Australia,2011-07-26,118.8,72,1,1
Australia,2011-08-12,608.76,374,1,4
Australia,2011-08-18,21880.439999999995,12196,1,3
Australia,2011-09-01,2941.7200000000003,2836,2,3
Australia,2011-09-05,147.7,82,1,0
Australia,2011-09-16,519.8899999999999,317,1,4
Australia,2011-09-25,825.9200000000001,478,1,6
Australia,2011-09-28,671.5000000000001,366,3,2
Australia,2011-10-05,16471.770000000004,7135,2,2
Australia,2011-10-06,678.7599999999998,266,2,3
Australia,2011-11-02,624.24,216,1,2
Australia,2011-11-03,375.23999999999995,192,1,3
Australia,2011-11-04,601.44,336,1,4
Australia,2011-11-15,5355.400000000001,3130,2,1
Australia,2011-11-24,286.40000000000003,224,1,3
Belgium,2010-12-03,346.1,528,1,4
Belgium,2010-12-17,625.16,285,2,4
Belgium,2010-12-21,237.93,188,1,1
Belgium,2010-12-22,600.72,754,1,2
Belgium,2011-01-12,651.1599999999999,590,1,2
Belgium,2011-01-20,225.6,94,1,3
Belgium,2011-01-25,323.43999999999994,108,1,1
Belgium,2011-02-03,213.9,21,1,3
Belgium,2011-02-09,84.3,11,1,2
Belgium,2011-02-11,231.51000000000002,262,1,4
Belgium,2011-02-17,1119.2000000000003,508,2,3
Belgium,2011-02-21,192.31,194,1,0
Belgium,2011-02-25,189.89999999999998,91,1,4
Belgium,2011-02-28,149.95,15,1,0
Belgium,2011-03-01,559.1199999999999,171,1,1
Belgium,2011-03-03,410.0,126,1,3
Belgium,2011-03-14,357.06999999999994,91,1,0
Belgium,2011-03-20,226.29999999999998,215,1,6
Belgium,2011-03-21,347.35,139,1,0
Belgium,2011-03-23,614.5500000000001,685,2,2
Belgium,2011-03-24,837.5900000000001,356,2,3
Belgium,2011-04-07,255.36,248,1,3
Belgium,2011-04-10,476.49,190,1,6
Belgium,2011-04-12,350.57,189,1,1
Belgium,2011-04-15,142.16000000000003,77,1,4
Belgium,2011-04-18,269.65999999999997,204,1,0
Belgium,2011-04-28,495.2400000000001,275,1,3
Belgium,2011-05-05,149.97000000000003,72,1,3
Belgium,2011-05-06,381.08,182,1,4
Belgium,2011-05-10,480.9,494,1,1
Belgium,2011-05-12,181.82000000000002,83,1,3
Belgium,2011-05-17,297.38,168,1,1
Belgium,2011-05-23,514.8200000000002,179,3,0
Belgium,2011-05-27,726.4300000000003,651,1,4
Belgium,2011-06-01,84.92,57,1,2
Belgium,2011-06-05,1296.12,524,2,6
Belgium,2011-06-07,607.5500000000001,293,1,1
Belgium,2011-06-08,99.45,20,1,2
Belgium,2011-06-09,130.07999999999998,145,1,3
Belgium,2011-06-17,992.0199999999999,598,2,4
Belgium,2011-06-22,459.8399999999999,211,1,2
Belgium,2011-06-23,440.94,294,1,3
Belgium,2011-06-30,163.9,103,1,3
Belgium,2011-07-06,719.0600000000001,522,1,2
Belgium,2011-07-07,303.76000000000005,144,1,3
Belgium,2011-07-13,45.599999999999994,13,1,2
Belgium,2011-07-27,1214.81,704,1,2
Belgium,2011-07-28,192.34,296,1,3
Belgium,2011-08-02,777.95,267,1,1
Belgium,2011-08-04,355.56,190,1,3
Belgium,2011-08-11,469.2499999999999,340,1,3
Belgium,2011-08-12,209.62000000000003,175,1,4
Belgium,2011-08-19,789.8699999999999,590,2,4
Belgium,2011-08-25,752.79,358,2,3
Belgium,2011-08-31,198.98000000000002,149,1,2
Belgium,2011-09-02,642.28,310,1,4
Belgium,2011-09-09,1087.6999999999998,372,1,4
Belgium,2011-09-19,392.40000000000003,196,1,0
Belgium,2011-09-21,549.8399999999999,353,1,2
Belgium,2011-09-22,705.8100000000002,471,2,3
Belgium,2011-09-28,829.9900000000001,267,1,2
Belgium,2011-10-04,346.67999999999995,118,1,1
Belgium,2011-10-10,332.68000000000006,196,1,0
Belgium,2011-10-11,355.80000000000007,162,1,1
Belgium,2011-10-13,1491.59,1290,1,3
Belgium,2011-10-14,450.86,229,1,4
Belgium,2011-10-17,358.99,199,1,0
Belgium,2011-10-21,300.76,179,1,4
Belgium,2011-10-26,786.95,213,1,2
Belgium,2011-10-28,499.16,168,1,4
Belgium,2011-10-30,299.05999999999995,268,1,6
Belgium,2011-10-31,462.84999999999997,148,1,0
Belgium,2011-11-04,1673.0300000000007,769,2,4
Belgium,2011-11-07,754.5000000000001,365,1,0
Belgium,2011-11-08,506.55,246,2,1
Belgium,2011-11-17,1492.31,534,2,3
Belgium,2011-11-18,1040.3899999999999,315,1,4
Belgium,2011-11-20,265.83,125,1,6
Belgium,2011-11-22,301.25,185,1,1
Belgium,2011-11-29,281.9,21,1,1
Belgium,2011-12-02,310.31999999999994,502,1,4
Belgium,2011-12-06,898.7699999999999,396,2,1
Belgium,2011-12-09,208.64000000000004,203,1,4
EIRE,2010-12-01,555.3799999999999,243,2,2
EIRE,2010-12-02,22.5,6,1,3
EIRE,2010-12-03,2576.8500000000004,2575,3,4
EIRE,2010-12-06,1182.5000000000002,614,3,0
EIRE,2010-12-09,945.5500000000003,287,1,3
EIRE,2010-12-10,1156.05,379,1,4
EIRE,2010-12-16,707.06,358,1,3
EIRE,2010-12-17,1424.12,701,2,4
EIRE,2010-12-19,411.09999999999997,155,1,6
EIRE,2010-12-21,762.3000000000001,344,1,1
EIRE,2010-12-23,289.85,108,1,3
EIRE,2011-01-09,258.0,85,1,6
EIRE,2011-01-14,16774.719999999998,6198,1,4
EIRE,2011-01-18,465.58000000000004,287,1,1
EIRE,2011-01-20,2756.84,1332,1,3
EIRE,2011-01-24,282.44000000000005,47,1,0
EIRE,2011-01-26,802.5599999999997,690,1,2
EIRE,2011-01-27,564.0500000000001,155,1,3
EIRE,2011-02-01,797.77,463,1,1
EIRE,2011-02-02,15.0,4,1,2
EIRE,2011-02-03,788.06,270,1,3
EIRE,2011-02-04,229.59999999999997,75,1,4
EIRE,2011-02-14,3120.7100000000014,1502,2,0
EIRE,2011-02-15,4362.5,2402,2,1
EIRE,2011-02-17,281.12,87,1,3
EIRE,2011-02-18,162.70000000000002,61,1,4
EIRE,2011-02-21,1011.08,472,2,0
EIRE,2011-02-23,1480.1999999999998,668,1,2
EIRE,2011-03-01,2541.1499999999996,669,1,1
EIRE,2011-03-04,1185.49,857,2,4
EIRE,2011-03-10,6162.02,3416,4,3
EIRE,2011-03-11,3374.34,2,2,4
EIRE,2011-03-14,1825.2500000000005,936,3,0
EIRE,2011-03-15,3389.599999999999,1174,3,1
EIRE,2011-03-17,381.78,417,1,3
EIRE,2011-03-18,743.71,265,1,4
EIRE,2011-03-20,197.8,73,1,6
EIRE,2011-03-24,415.45000000000005,114,1,3
EIRE,2011-03-25,750.3699999999998,533,1,4
EIRE,2011-03-28,538.9999999999999,745,1,0
EIRE,2011-03-29,523.1500000000001,334,1,1
EIRE,2011-03-31,168.4,45,1,3
EIRE,2011-04-01,1407.1900000000005,713,1,4
EIRE,2011-04-04,2448.119999999999,1239,2,0
EIRE,2011-04-06,955.9899999999999,655,1,2
EIRE,2011-04-07,583.41,390,2,3
EIRE,2011-04-11,998.5300000000003,590,2,0
EIRE,2011-04-17,446.73999999999984,151,1,6
EIRE,2011-04-19,367.61999999999995,234,1,1
EIRE,2011-04-27,362.9,163,1,2
EIRE,2011-05-03,1164.21,532,2,1
EIRE,2011-05-05,366.86,193,1,3
EIRE,2011-05-06,3869.1800000000007,1694,1,4
EIRE,2011-05-08,862.5300000000003,446,1,6
EIRE,2011-05-10,810.45,349,3,1
EIRE,2011-05-15,603.7799999999999,139,1,6
EIRE,2011-05-16,4615.36,2274,4,0
EIRE,2011-05-17,1216.1200000000001,428,1,1
EIRE,2011-05-18,1414.3600000000006,636,1,2
EIRE,2011-05-19,1203.8000000000002,397,2,3
EIRE,2011-05-20,380.32,226,1,4
EIRE,2011-05-23,1007.7500000000002,401,1,0
EIRE,2011-05-26,494.04,313,3,3
EIRE,2011-06-06,958.1199999999999,404,1,0
EIRE,2011-06-07,254.30999999999997,192,1,1
EIRE,2011-06-08,3351.32,2582,2,2
EIRE,2011-06-09,984.27,507,2,3
EIRE,2011-06-13,821.32,427,1,0
EIRE,2011-06-15,4483.58,3026,2,2
EIRE,2011-06-16,1012.8599999999998,268,1,3
EIRE,2011-06-17,626.1299999999999,356,1,4
EIRE,2011-06-19,303.3,84,1,6
EIRE,2011-06-20,3133.12,2,1,0
EIRE,2011-06-21,147.39999999999998,49,1,1
EIRE,2011-06-22,1019.1999999999997,590,2,2
EIRE,2011-06-23,372.29999999999995,188,2,3
EIRE,2011-06-24,2084.71,877,4,4
EIRE,2011-06-27,816.3199999999998,393,2,0
EIRE,2011-06-29,3738.9900000000007,2566,3,2
EIRE,2011-06-30,756.3600000000002,394,1,3
EIRE,2011-07-01,1794.1799999999992,798,3,4
EIRE,2011-07-04,1170.8000000000002,537,3,0
EIRE,2011-07-05,205.60000000000002,21,1,1
EIRE,2011-07-14,1802.0700000000004,866,2,3
EIRE,2011-07-18,1077.5299999999997,1353,2,0
EIRE,2011-07-19,13584.639999999987,7241,4,1
EIRE,2011-07-21,1338.2900000000004,645,3,3
EIRE,2011-07-26,396.77000000000004,252,1,1
EIRE,2011-07-27,764.51,657,2,2
EIRE,2011-07-28,5406.149999999998,2799,3,3
EIRE,2011-07-29,728.9399999999999,286,1,4
EIRE,2011-07-31,14520.37,6656,2,6
EIRE,2011-08-04,4345.1,2270,1,3
EIRE,2011-08-05,1572.7300000000005,744,1,4
EIRE,2011-08-08,829.9600000000003,603,1,0
EIRE,2011-08-10,1253.0499999999997,391,1,2
EIRE,2011-08-11,1672.4,1187,2,3
EIRE,2011-08-12,2165.63,1045,2,4
EIRE,2011-08-15,467.41999999999985,580,1,0
EIRE,2011-08-17,2198.039999999999,843,3,2
EIRE,2011-08-18,131.85,38,1,3
EIRE,2011-08-19,989.4899999999997,644,1,4
EIRE,2011-08-21,458.90000000000003,148,1,6
EIRE,2011-08-23,817.0199999999999,735,2,1
EIRE,2011-08-26,1452.16,849,2,4
EIRE,2011-09-01,3880.56,2184,2,3
EIRE,2011-09-02,749.13,163,1,4
EIRE,2011-09-04,629.0400000000001,1272,1,6
EIRE,2011-09-05,8488.859999999999,5491,3,0
EIRE,2011-09-06,4234.1900000000005,1285,2,1
EIRE,2011-09-07,3415.2899999999972,1877,4,2
EIRE,2011-09-08,2091.0600000000004,950,2,3
EIRE,2011-09-14,781.11,734,1,2
EIRE,2011-09-15,693.5300000000001,311,2,3
EIRE,2011-09-19,648.4800000000001,166,1,0
EIRE,2011-09-20,1798.3900000000006,957,2,1
EIRE,2011-09-21,381.21999999999997,94,1,2
EIRE,2011-09-22,1254.42,808,3,3
EIRE,2011-09-23,3502.9,1959,2,4
EIRE,2011-09-26,1156.14,480,2,0
EIRE,2011-09-27,776.3,202,1,1
EIRE,2011-09-28,2350.3900000000012,1028,5,2
EIRE,2011-09-30,6255.539999999998,3125,3,4
EIRE,2011-10-06,421.29999999999995,229,1,3
EIRE,2011-10-07,904.1400000000001,448,1,4
EIRE,2011-10-10,3201.279999999999,1018,3,0
EIRE,2011-10-11,1575.7899999999995,2206,3,1
EIRE,2011-10-12,2212.5600000000004,1041,5,2
EIRE,2011-10-14,406.84000000000003,353,1,4
EIRE,2011-10-17,5449.12,2621,7,0
EIRE,2011-10-18,1512.1700000000003,625,2,1
EIRE,2011-10-19,1588.7499999999998,711,1,2
EIRE,2011-10-20,3621.35,4953,2,3
EIRE,2011-10-21,1680.03,901,2,4
EIRE,2011-10-24,646.0200000000002,221,1,0
EIRE,2011-10-30,501.65999999999997,185,1,6
EIRE,2011-10-31,596.91,392,1,0
EIRE,2011-11-01,2047.0499999999997,894,2,1
EIRE,2011-11-07,1157.33,768,4,0
EIRE,2011-11-09,826.04,580,1,2
EIRE,2011-11-10,1003.03,496,1,3
EIRE,2011-11-11,2506.770000000001,1252,3,4
EIRE,2011-11-13,4454.439999999999,2643,4,6
EIRE,2011-11-14,348.21,206,1,0
EIRE,2011-11-15,2246.3100000000004,1206,5,1
EIRE,2011-11-16,4906.290000000001,3082,3,2
EIRE,2011-11-17,1602.4200000000003,631,2,3
EIRE,2011-11-18,785.56,296,1,4
EIRE,2011-11-20,917.5400000000002,440,1,6
EIRE,2011-11-21,900.6000000000004,626,2,0
EIRE,2011-11-22,2055.200000000001,1485,3,1
EIRE,2011-11-23,177.33000000000004,60,1,2
EIRE,2011-11-24,207.14000000000001,143,1,3
EIRE,2011-11-25,293.78999999999996,92,1,4
EIRE,2011-11-27,829.9100000000001,225,1,6
EIRE,2011-11-28,1878.8299999999995,945,2,0
EIRE,2011-11-30,1594.64,587,3,2
EIRE,2011-12-01,1038.92,565,3,3
EIRE,2011-12-04,773.5400000000001,534,1,6
EIRE,2011-12-05,587.4,219,2,0
EIRE,2011-12-07,3856.8899999999994,1998,3,2
EIRE,2011-12-08,1084.14,806,1,3
Finland,2010-12-16,892.8000000000001,1254,1,3
Finland,2011-01-21,661.58,164,1,4
Finland,2011-01-25,227.43999999999997,601,1,1
Finland,2011-02-24,205.15999999999997,141,1,3
Finland,2011-03-01,4969.219999999998,2127,3,1
Finland,2011-03-20,409.2,63,1,6
Finland,2011-03-30,558.4,346,1,2
Finland,2011-04-05,367.0,269,1,1
Finland,2011-04-11,373.72,237,1,0
Finland,2011-04-15,306.19999999999993,159,1,4
Finland,2011-04-21,642.0,153,1,3
Finland,2011-06-23,329.56,157,1,3
Finland,2011-07-05,632.44,228,1,1
Finland,2011-07-14,1710.3900000000006,857,1,3
Finland,2011-07-19,653.9,188,1,1
Finland,2011-08-04,360.81,145,1,3
Finland,2011-08-11,605.1400000000001,385,1,3
Finland,2011-08-26,410.54999999999995,163,1,4
Finland,2011-09-02,230.30000000000004,87,1,4
Finland,2011-09-13,319.6,73,1,1
Finland,2011-09-22,245.55,138,1,3
Finland,2011-09-25,310.0,217,1,6
Finland,2011-10-04,310.0,73,1,1
Finland,2011-10-12,954.9300000000004,469,2,2
Finland,2011-10-13,640.5000000000002,236,1,3
Finland,2011-10-27,701.7900000000001,284,1,3
Finland,2011-10-31,214.9,53,1,0
Finland,2011-11-04,1321.2799999999995,326,2,4
Finland,2011-11-14,408.34000000000003,150,1,0
Finland,2011-11-17,234.32999999999998,183,2,3
Finland,2011-11-23,310.0,73,1,2
Finland,2011-11-29,227.20000000000002,91,1,1
Finland,2011-11-30,569.0900000000001,264,1,2
Finland,2011-12-01,890.0,218,1,3
Finland,2011-12-02,342.76,132,2,4
France,2010-12-01,855.86,449,1,2
France,2010-12-03,425.38,239,2,4
France,2010-12-05,1526.92,611,1,6
France,2010-12-07,1448.98,752,2,1
France,2010-12-08,173.55,121,1,2
France,2010-12-09,1859.73,1017,4,3
France,2010-12-10,1071.9,418,1,4
France,2010-12-15,195.89,134,1,2
France,2010-12-16,4.949999999999999,3,1,3
France,2010-12-17,350.28,398,2,4
France,2010-12-20,1371.19,733,2,0
France,2010-12-21,221.27999999999997,26,2,1
France,2010-12-22,110.39999999999999,88,1,2
France,2011-01-05,1391.1799999999998,735,2,2
France,2011-01-06,799.0200000000001,443,2,3
France,2011-01-07,1065.09,596,2,4
France,2011-01-09,114.00000000000003,78,1,6
France,2011-01-10,1238.0599999999997,635,1,0
France,2011-01-11,1512.6399999999999,988,4,1
France,2011-01-12,1415.63,682,3,2
France,2011-01-14,1790.43,1072,3,4
France,2011-01-17,732.14,268,1,0
France,2011-01-19,752.7500000000001,386,1,2
France,2011-01-20,1516.68,708,1,3
France,2011-01-23,514.5,126,1,6
France,2011-01-24,190.2,84,1,0
France,2011-01-25,36.0,2,1,1
France,2011-01-28,1079.83,574,3,4
France,2011-01-31,3591.9699999999993,1822,2,0
France,2011-02-01,510.85,200,1,1
France,2011-02-02,641.3900000000001,368,2,2
France,2011-02-04,1236.7300000000002,617,1,4
France,2011-02-08,201.86,216,1,1
France,2011-02-09,455.0199999999999,301,1,2
France,2011-02-10,321.56000000000006,454,1,3
France,2011-02-15,255.60000000000002,98,1,1
France,2011-02-16,919.6600000000002,777,1,2
France,2011-02-17,250.0,116,1,3
France,2011-02-18,974.5999999999999,768,2,4
France,2011-02-21,746.8199999999999,334,2,0
France,2011-02-23,439.76000000000005,362,2,2
France,2011-02-27,110.6,71,1,6
France,2011-02-28,1451.51,658,4,0
France,2011-03-01,1146.2599999999998,580,2,1
France,2011-03-03,573.16,342,2,3
France,2011-03-04,317.25,125,1,4
France,2011-03-11,712.8499999999999,325,1,4
France,2011-03-13,343.29,185,1,6
France,2011-03-14,479.4,187,1,0
France,2011-03-15,565.54,317,1,1
France,2011-03-16,262.8,160,2,2
France,2011-03-20,316.02000000000004,423,1,6
France,2011-03-21,205.86999999999998,90,2,0
France,2011-03-22,523.98,201,1,1
France,2011-03-23,1891.2800000000002,1233,4,2
France,2011-03-25,357.9100000000001,264,1,4
France,2011-03-27,164.05,61,1,6
France,2011-03-28,1136.3000000000002,848,1,0
France,2011-03-31,5593.59,3349,3,3
France,2011-04-01,390.75,328,2,4
France,2011-04-04,719.55,298,2,0
France,2011-04-05,1136.3,1,1,1
France,2011-04-07,366.2,239,1,3
France,2011-04-14,669.1999999999999,287,1,3
France,2011-04-17,630.2199999999999,402,2,6
France,2011-04-20,541.1999999999999,200,1,2
France,2011-04-21,706.5499999999998,301,2,3
France,2011-04-26,160.54,84,1,1
France,2011-04-28,209.09999999999997,147,1,3
France,2011-05-03,1823.3400000000004,1046,6,1
France,2011-05-05,236.00000000000003,100,1,3
France,2011-05-08,1092.4299999999996,779,1,6
France,2011-05-09,554.9000000000001,497,2,0
France,2011-05-10,489.09999999999997,460,1,1
France,2011-05-11,3018.7299999999996,1593,2,2
France,2011-05-12,296.53,106,1,3
France,2011-05-13,1000.5100000000002,505,3,4
France,2011-05-15,151.4,141,1,6
France,2011-05-16,756.6199999999999,283,3,0
France,2011-05-17,793.62,479,1,1
France,2011-05-18,869.5300000000001,334,3,2
France,2011-05-19,914.5099999999999,562,2,3
France,2011-05-20,1118.4,473,1,4
France,2011-05-22,910.7100000000002,298,2,6
France,2011-05-23,421.9599999999999,306,1,0
France,2011-05-24,393.34,210,1,1
France,2011-05-25,1280.82,742,3,2
France,2011-05-26,630.5,514,2,3
France,2011-05-27,403.09000000000003,157,1,4
France,2011-05-31,458.84000000000003,203,1,1
France,2011-06-05,3442.51,1909,3,6
France,2011-06-06,371.4500000000001,115,1,0
France,2011-06-08,1598.0800000000004,1344,4,2
France,2011-06-09,1030.5899999999997,787,2,3
France,2011-06-10,480.0,164,1,4
France,2011-06-12,360.18000000000006,716,1,6
France,2011-06-13,2399.6199999999985,904,3,0
France,2011-06-15,1856.1100000000006,1007,5,2
France,2011-06-16,510.27000000000004,270,1,3
France,2011-06-17,1359.5800000000004,514,1,4
France,2011-06-19,125.46000000000001,63,1,6
France,2011-06-20,734.5600000000002,262,2,0
France,2011-06-21,257.3,351,1,1
France,2011-06-22,852.44,658,2,2
France,2011-06-24,634.7400000000002,413,1,4
France,2011-06-27,201.24,119,1,0
France,2011-06-28,134.28,109,1,1
France,2011-07-01,451.86000000000007,364,2,4
France,2011-07-04,474.36000000000007,259,1,0
France,2011-07-05,662.35,321,1,1
France,2011-07-06,1056.62,597,1,2
France,2011-07-08,1193.2499999999998,662,3,4
France,2011-07-11,611.0800000000003,290,2,0
France,2011-07-12,1223.8499999999997,616,4,1
France,2011-07-13,915.46,667,1,2
France,2011-07-17,150.1,47,1,6
France,2011-07-18,1866.0800000000002,921,2,0
France,2011-07-19,99.6,33,1,1
France,2011-07-24,412.93000000000006,236,1,6
France,2011-07-27,204.75,148,1,2
France,2011-07-29,677.8999999999995,503,1,4
France,2011-08-02,85.8,52,1,1
France,2011-08-03,1202.22,699,1,2
France,2011-08-04,511.03000000000014,281,1,3
France,2011-08-05,830.3000000000001,486,2,4
France,2011-08-10,248.35,197,1,2
France,2011-08-12,412.88,180,1,4
France,2011-08-14,46.65,3,1,6
France,2011-08-15,1161.0700000000002,607,1,0
France,2011-08-17,580.0799999999999,400,1,2
France,2011-08-18,764.7900000000001,463,2,3
France,2011-08-19,612.2900000000001,462,1,4
France,2011-08-21,528.7700000000002,270,2,6
France,2011-08-23,947.3600000000001,460,2,1
France,2011-08-24,428.91,246,2,2
France,2011-08-25,2169.2099999999987,1314,4,3
France,2011-08-26,1130.9499999999996,694,1,4
France,2011-08-31,2150.3,1144,4,2
France,2011-09-02,942.7599999999999,427,3,4
France,2011-09-04,891.8199999999999,509,1,6
France,2011-09-05,994.9999999999999,334,2,0
France,2011-09-07,2889.76,1637,3,2
France,2011-09-08,1461.4900000000002,860,2,3
France,2011-09-09,2074.7999999999993,1116,3,4
France,2011-09-11,112.38000000000001,43,1,6
France,2011-09-13,94.32000000000001,73,1,1
France,2011-09-14,357.32,438,1,2
France,2011-09-15,2686.159999999999,1231,3,3
France,2011-09-19,2035.0499999999993,847,4,0
France,2011-09-20,377.66,306,1,1
France,2011-09-21,1083.7600000000002,821,4,2
France,2011-09-22,1679.7000000000003,1204,4,3
France,2011-09-23,790.5400000000002,479,1,4
France,2011-09-25,775.9900000000001,281,2,6
France,2011-09-27,189.2,65,1,1
France,2011-09-28,644.7500000000001,268,1,2
France,2011-09-29,1395.679999999999,992,4,3
France,2011-09-30,1949.900000000001,1071,3,4
France,2011-10-03,358.3999999999999,158,1,0
France,2011-10-04,357.3,115,2,1
France,2011-10-05,2059.1999999999994,1242,4,2
France,2011-10-06,157.0,29,1,3
France,2011-10-07,675.3600000000004,527,2,4
France,2011-10-10,426.58,221,2,0
France,2011-10-11,4279.710000000004,2801,1,1
France,2011-10-12,1360.2900000000004,656,5,2
France,2011-10-13,331.72,124,1,3
France,2011-10-14,513.6,234,1,4
France,2011-10-19,2792.9600000000005,733,2,2
France,2011-10-20,1056.9000000000003,530,1,3
France,2011-10-27,9425.91,566,6,3
France,2011-10-28,8990.460000000005,5246,3,4
France,2011-10-30,214.73999999999995,209,1,6
France,2011-10-31,485.31999999999994,416,2,0
France,2011-11-01,1854.8100000000002,1032,3,1
France,2011-11-02,633.44,291,1,2
France,2011-11-03,1653.9800000000005,1037,3,3
France,2011-11-04,461.90999999999985,338,2,4
France,2011-11-07,288.6699999999999,292,1,0
France,2011-11-08,1388.7700000000002,870,2,1
France,2011-11-09,1068.8200000000002,499,2,2
France,2011-11-10,2128.0299999999997,1347,7,3
France,2011-11-11,2358.9100000000008,1836,6,4
France,2011-11-13,123.08000000000001,69,1,6
France,2011-11-14,1666.4199999999998,894,3,0
France,2011-11-15,809.22,481,2,1
France,2011-11-16,1575.2799999999997,687,2,2
France,2011-11-17,3264.0200000000004,1611,4,3
France,2011-11-18,1072.68,550,3,4
France,2011-11-20,838.7099999999998,298,2,6
France,2011-11-21,397.7200000000001,271,1,0
France,2011-11-22,943.6299999999997,361,2,1
France,2011-11-23,348.38000000000005,219,2,2
France,2011-11-24,2241.8700000000013,959,2,3
France,2011-11-25,1260.31,828,3,4
France,2011-11-28,1227.34,907,3,0
France,2011-11-29,1339.12,645,2,1
France,2011-11-30,2813.5900000000006,1567,5,2
France,2011-12-01,931.3899999999999,492,2,3
France,2011-12-02,1579.2499999999998,800,3,4
France,2011-12-04,1031.8899999999999,542,3,6
France,2011-12-05,797.4799999999999,477,2,0
France,2011-12-06,1403.9399999999998,787,4,1
France,2011-12-07,1117.62,561,2,2
France,2011-12-08,165.9,21,1,3
France,2011-12-09,249.44999999999996,105,1,4
Germany,2010-12-01,261.48,157,1,2
Germany,2010-12-02,155.35,148,1,3
Germany,2010-12-03,555.5300000000001,170,3,4
Germany,2010-12-05,2476.6900000000005,1361,4,6
Germany,2010-12-06,196.44,89,1,0
Germany,2010-12-07,596.8,155,1,1
Germany,2010-12-08,522.7,139,1,2
Germany,2010-12-09,919.0899999999999,396,3,3
Germany,2010-12-10,2360.41,1096,2,4
Germany,2010-12-13,12.45,2,1,0
Germany,2010-12-17,4690.820000000001,1658,8,4
Germany,2010-12-19,469.87,337,1,6
Germany,2010-12-20,631.96,234,1,0
Germany,2010-12-23,1391.5499999999997,935,2,3
Germany,2011-01-07,3976.1299999999974,2658,4,4
Germany,2011-01-10,682.3299999999999,635,2,0
Germany,2011-01-11,144.26,87,1,1
Germany,2011-01-12,250.65000000000003,97,1,2
Germany,2011-01-13,753.4499999999999,100,1,3
Germany,2011-01-14,534.02,248,3,4
Germany,2011-01-17,1316.9000000000005,583,2,0
Germany,2011-01-18,132.52,113,1,1
Germany,2011-01-19,63.0,37,1,2
Germany,2011-01-24,2364.7799999999993,1203,3,0
Germany,2011-01-25,2416.8400000000006,1145,3,1
Germany,2011-01-26,1175.76,692,2,2
Germany,2011-01-27,767.99,410,3,3
Germany,2011-01-31,2332.21,1069,4,0
Germany,2011-02-01,314.15000000000003,61,1,1
Germany,2011-02-02,75.60000000000001,36,1,2
Germany,2011-02-03,1712.0400000000004,469,3,3
Germany,2011-02-09,168.9,160,1,2
Germany,2011-02-10,351.94999999999993,228,2,3
Germany,2011-02-11,2355.9500000000003,639,1,4
Germany,2011-02-14,802.4899999999999,459,2,0
Germany,2011-02-17,540.5799999999999,380,2,3
Germany,2011-02-18,152.4,108,1,4
Germany,2011-02-21,1418.2899999999997,791,2,0
Germany,2011-02-23,388.29999999999995,201,1,2
Germany,2011-02-25,1300.4000000000003,713,2,4
Germany,2011-03-01,762.5,384,1,1
Germany,2011-03-03,725.28,536,2,3
Germany,2011-03-07,817.56,358,3,0
Germany,2011-03-08,884.6299999999998,437,3,1
Germany,2011-03-11,987.4200000000006,618,1,4
Germany,2011-03-16,300.70000000000005,50,1,2
Germany,2011-03-17,1363.1999999999996,763,2,3
Germany,2011-03-18,2390.929999999999,1252,5,4
Germany,2011-03-20,363.93000000000006,114,2,6
Germany,2011-03-22,1319.9799999999998,976,3,1
Germany,2011-03-25,2651.340000000001,1134,3,4
Germany,2011-03-28,1089.5400000000002,850,3,0
Germany,2011-03-30,418.70000000000005,174,1,2
Germany,2011-03-31,316.97999999999996,93,2,3
Germany,2011-04-01,348.68,115,1,4
Germany,2011-04-04,674.2900000000001,390,2,0
Germany,2011-04-07,415.7,238,1,3
Germany,2011-04-08,1672.0100000000004,845,2,4
Germany,2011-04-11,630.3199999999997,464,2,0
Germany,2011-04-14,3440.3099999999995,1208,6,3
Germany,2011-04-18,222.75,1,1,0
Germany,2011-04-19,2614.599999999999,1503,3,1
Germany,2011-04-20,417.6000000000001,232,1,2
Germany,2011-04-21,382.6,215,2,3
Germany,2011-04-27,1209.8,468,1,2
Germany,2011-04-28,286.88000000000005,85,1,3
Germany,2011-05-01,1094.33,647,1,6
Germany,2011-05-04,822.74,506,4,2
Germany,2011-05-05,440.38,69,2,3
Germany,2011-05-06,246.07999999999996,224,1,4
Germany,2011-05-09,667.11,380,1,0
Germany,2011-05-10,797.0500000000001,313,2,1
Germany,2011-05-11,375.0,204,1,2
Germany,2011-05-12,12165.250000000002,5825,6,3
Germany,2011-05-13,881.1999999999997,324,2,4
Germany,2011-05-17,760.2799999999999,530,1,1
Germany,2011-05-19,2081.12,1270,6,3
Germany,2011-05-22,1703.8100000000004,968,2,6
Germany,2011-05-23,1021.6500000000001,451,4,0
Germany,2011-05-24,293.25,121,1,1
Germany,2011-05-26,1027.5300000000002,533,5,3
Germany,2011-05-27,716.73,342,1,4
Germany,2011-05-29,582.7299999999999,258,1,6
Germany,2011-05-31,74.96,32,1,1
Germany,2011-06-01,672.1899999999999,557,1,2
Germany,2011-06-02,1992.210000000001,1073,2,3
Germany,2011-06-03,68.1,23,1,4
Germany,2011-06-05,1002.6299999999999,529,2,6
Germany,2011-06-06,512.8,295,1,0
Germany,2011-06-09,475.14,117,2,3
Germany,2011-06-10,627.4000000000001,92,1,4
Germany,2011-06-12,583.2,345,1,6
Germany,2011-06-13,2557.6400000000003,1309,3,0
Germany,2011-06-16,683.3499999999999,471,2,3
Germany,2011-06-20,1965.7400000000002,1357,1,0
Germany,2011-06-21,427.75999999999993,272,1,1
Germany,2011-06-23,276.93000000000006,145,1,3
Germany,2011-06-24,185.64,73,1,4
Germany,2011-06-26,44.25,15,1,6
Germany,2011-06-30,1199.12,797,3,3
Germany,2011-07-01,71.4,61,1,4
Germany,2011-07-04,1418.1,865,3,0
Germany,2011-07-07,1224.8599999999997,589,3,3
Germany,2011-07-08,1001.6899999999997,559,2,4
Germany,2011-07-12,558.9599999999998,569,3,1
Germany,2011-07-13,281.71,94,1,2
Germany,2011-07-14,1563.2799999999997,1081,2,3
Germany,2011-07-15,1337.11,416,2,4
Germany,2011-07-17,345.23,107,1,6
Germany,2011-07-19,2447.9,1422,5,1
Germany,2011-07-20,947.9699999999998,463,2,2
Germany,2011-07-21,1905.629999999999,826,2,3
Germany,2011-07-22,768.0199999999999,426,1,4
Germany,2011-07-24,612.1000000000001,472,1,6
Germany,2011-07-25,1131.1799999999998,742,2,0
Germany,2011-07-27,440.70000000000005,227,1,2
Germany,2011-07-28,385.14,177,1,3
Germany,2011-08-01,1089.18,651,1,0
Germany,2011-08-02,1135.2700000000002,726,3,1
Germany,2011-08-03,221.04000000000002,187,1,2
Germany,2011-08-04,1287.9799999999998,590,2,3
Germany,2011-08-05,1079.5500000000002,555,2,4
Germany,2011-08-07,107.4,60,1,6
Germany,2011-08-08,416.6500000000001,273,1,0
Germany,2011-08-09,102.97999999999999,35,1,1
Germany,2011-08-15,378.12,462,1,0
Germany,2011-08-16,115.30000000000001,22,1,1
Germany,2011-08-17,748.0599999999998,372,2,2
Germany,2011-08-19,882.6300000000003,325,3,4
Germany,2011-08-21,324.83,187,1,6
Germany,2011-08-22,2269.3700000000003,1063,3,0
Germany,2011-08-23,487.17,365,2,1
Germany,2011-08-24,1709.4300000000003,1333,7,2
Germany,2011-08-25,620.1500000000001,399,2,3
Germany,2011-08-26,405.13,260,2,4
Germany,2011-08-30,403.8300000000001,133,1,1
Germany,2011-08-31,5436.7,1643,2,2
Germany,2011-09-02,465.68,314,1,4
Germany,2011-09-04,2390.7099999999996,1608,5,6
Germany,2011-09-06,1002.4400000000002,676,4,1
Germany,2011-09-08,1253.38,666,3,3
Germany,2011-09-11,1653.8900000000003,1052,3,6
Germany,2011-09-13,199.8,213,1,1
Germany,2011-09-14,351.65000000000003,265,1,2
Germany,2011-09-16,1256.9999999999998,483,3,4
Germany,2011-09-19,2172.4899999999993,1659,4,0
Germany,2011-09-20,138.48,104,1,1
Germany,2011-09-21,1049.0400000000002,772,2,2
Germany,2011-09-22,708.23,333,3,3
Germany,2011-09-23,2569.5000000000005,1712,4,4
Germany,2011-09-26,704.0400000000001,262,1,0
Germany,2011-09-27,417.20000000000005,210,1,1
Germany,2011-09-28,367.36999999999995,165,1,2
Germany,2011-09-29,1108.38,485,2,3
Germany,2011-09-30,281.94000000000005,177,1,4
Germany,2011-10-05,4178.919999999999,2151,4,2
Germany,2011-10-06,3954.530000000002,2475,8,3
Germany,2011-10-07,2866.85,2053,5,4
Germany,2011-10-10,282.58000000000004,114,1,0
Germany,2011-10-11,962.9899999999998,567,2,1
Germany,2011-10-12,1232.91,773,4,2
Germany,2011-10-13,2129.1100000000006,954,2,3
Germany,2011-10-14,2541.7799999999997,496,3,4
Germany,2011-10-17,3512.869999999999,2798,4,0
Germany,2011-10-18,1315.2700000000002,725,3,1
Germany,2011-10-19,2618.6099999999997,1923,5,2
Germany,2011-10-20,1118.0500000000002,711,3,3
Germany,2011-10-21,1347.0500000000004,270,2,4
Germany,2011-10-25,1097.1599999999999,428,2,1
Germany,2011-10-26,119.74000000000001,24,2,2
Germany,2011-10-27,485.64000000000004,247,2,3
Germany,2011-10-28,1088.83,536,2,4
Germany,2011-10-31,785.5300000000001,495,4,0
Germany,2011-11-02,171.23,64,1,2
Germany,2011-11-03,817.9699999999999,417,2,3
Germany,2011-11-06,1184.0499999999995,887,3,6
Germany,2011-11-07,548.85,277,2,0
Germany,2011-11-09,449.4,87,1,2
Germany,2011-11-10,1341.6000000000001,165,4,3
Germany,2011-11-11,3028.82,1598,7,4
Germany,2011-11-14,598.3799999999999,239,2,0
Germany,2011-11-15,893.4100000000002,596,2,1
Germany,2011-11-16,3612.12,2185,10,2
Germany,2011-11-17,3720.960000000001,1373,5,3
Germany,2011-11-18,1135.37,493,4,4
Germany,2011-11-20,219.0,53,1,6
Germany,2011-11-21,718.7000000000002,323,2,0
Germany,2011-11-22,1055.37,562,2,1
Germany,2011-11-23,712.0099999999999,574,3,2
Germany,2011-11-24,4244.42,1930,8,3
Germany,2011-11-25,125.22,45,1,4
Germany,2011-11-28,1409.8799999999999,685,2,0
Germany,2011-11-29,1358.86,639,4,1
Germany,2011-11-30,679.4,261,2,2
Germany,2011-12-01,695.8699999999998,247,2,3
Germany,2011-12-02,67.0,9,1,4
Germany,2011-12-04,1179.87,504,3,6
Germany,2011-12-05,284.25,154,2,0
Germany,2011-12-07,2879.2599999999984,1220,4,2
Germany,2011-12-08,1188.1999999999998,992,1,3
Germany,2011-12-09,1689.7199999999998,880,4,4
Netherlands,2010-12-01,192.60000000000002,97,1,2
Netherlands,2010-12-20,70.96000000000001,46,1,0
Netherlands,2010-12-21,8520.919999999998,6668,1,1
Netherlands,2011-01-14,10389.060000000003,8210,1,4
Netherlands,2011-01-19,7722.040000000002,6072,1,2
Netherlands,2011-01-20,305.28000000000003,288,1,3
Netherlands,2011-01-21,8060.2999999999965,5730,1,4
Netherlands,2011-01-31,134.48000000000002,117,1,0
Netherlands,2011-02-01,214.45,113,1,1
Netherlands,2011-02-08,1306.2799999999997,1126,1,1
Netherlands,2011-02-21,18279.479999999996,12208,2,0
Netherlands,2011-02-22,3211.7000000000003,2940,1,1
Netherlands,2011-03-09,444.8,277,1,2
Netherlands,2011-03-14,117.93,152,1,0
Netherlands,2011-03-22,235.71,170,1,1
Netherlands,2011-03-25,1563.5100000000002,835,2,4
Netherlands,2011-03-29,18247.5,12186,2,1
Netherlands,2011-03-30,1807.04,1208,1,2
Netherlands,2011-04-05,2284.2,1336,2,1
Netherlands,2011-04-28,692.3599999999999,432,1,3
Netherlands,2011-05-11,824.4,279,2,2
Netherlands,2011-05-12,16478.460000000006,13262,3,3
Netherlands,2011-05-18,732.4,412,1,2
Netherlands,2011-05-20,294.72,128,1,4
Netherlands,2011-05-25,1392.0,960,1,2
Netherlands,2011-05-26,8980.880000000003,4664,1,3
Netherlands,2011-05-31,483.0199999999999,231,2,1
Netherlands,2011-06-01,5422.8,2874,2,2
Netherlands,2011-06-03,419.79999999999995,329,1,4
Netherlands,2011-06-06,427.5799999999999,314,1,0
Netherlands,2011-06-09,84.0,85,1,3
Netherlands,2011-06-19,5683.06,4718,1,6
Netherlands,2011-06-20,154.67,61,1,0
Netherlands,2011-06-21,637.7199999999999,353,1,1
Netherlands,2011-06-28,14028.459999999997,11010,3,1
Netherlands,2011-07-20,26.02,10,1,2
Netherlands,2011-08-09,12498.709999999997,8182,2,1
Netherlands,2011-08-11,19150.65999999999,14730,1,3
Netherlands,2011-08-12,825.6,992,1,4
Netherlands,2011-08-23,424.8,288,1,1
Netherlands,2011-08-26,7428.039999999999,5108,2,4
Netherlands,2011-09-08,1946.6799999999998,1013,2,3
Netherlands,2011-09-09,186.56,145,1,4
Netherlands,2011-09-13,8281.119999999999,4951,1,1
Netherlands,2011-09-19,15618.279999999997,10649,2,0
Netherlands,2011-09-22,904.62,551,1,3
Netherlands,2011-10-05,91.85000000000001,4,1,2
Netherlands,2011-10-06,841.5499999999997,357,3,3
Netherlands,2011-10-07,171.93,212,1,4
Netherlands,2011-10-18,448.91999999999996,272,1,1
Netherlands,2011-10-20,25833.559999999994,18140,3,3
Netherlands,2011-10-21,3325.6199999999994,2476,3,4
Netherlands,2011-10-27,9995.220000000001,5769,3,3
Netherlands,2011-11-02,4486.909999999998,2732,3,2
Netherlands,2011-11-10,9823.119999999995,7786,3,3
Netherlands,2011-11-16,232.5,147,1,2
Netherlands,2011-11-18,166.0,34,1,4
Netherlands,2011-11-20,158.24,155,1,6
Netherlands,2011-11-22,809.6000000000001,514,2,1
Netherlands,2011-11-23,10078.640000000003,7244,3,2
Netherlands,2011-11-30,119.0,51,1,2
Netherlands,2011-12-07,11477.420000000002,7818,2,2
Netherlands,2011-12-08,250.6,140,1,3
Portugal,2010-12-03,131.8,65,1,4
Portugal,2010-12-06,129.4,53,1,0
Portugal,2010-12-08,1149.29,424,1,2
Portugal,2010-12-09,254.03,118,1,3
Portugal,2010-12-10,311.95,131,1,4
Portugal,2010-12-17,463.5,193,1,4
Portugal,2011-01-09,1100.16,641,2,6
Portugal,2011-01-18,2271.6200000000003,1216,1,1
Portugal,2011-01-26,683.93,237,1,2
Portugal,2011-02-21,973.65,454,1,0
Portugal,2011-02-28,240.25,104,1,0
Portugal,2011-03-08,1570.1900000000005,1109,1,1
Portugal,2011-03-23,247.60000000000002,125,1,2
Portugal,2011-03-24,27.0,1,1,3
Portugal,2011-03-28,400.54,217,1,0
Portugal,2011-03-31,415.52,174,1,3
Portugal,2011-04-08,481.46,370,1,4
Portugal,2011-04-13,1206.2900000000002,581,1,2
Portugal,2011-05-12,1160.5500000000002,312,2,3
Portugal,2011-05-23,3041.6800000000003,3,3,0
Portugal,2011-06-07,243.2,146,1,1
Portugal,2011-06-08,151.95000000000002,55,1,2
Portugal,2011-06-15,489.31,220,1,2
Portugal,2011-07-13,1452.1999999999998,979,2,2
Portugal,2011-07-20,835.6500000000001,457,1,2
Portugal,2011-08-15,1221.3999999999999,1026,1,0
Portugal,2011-09-02,316.99999999999994,227,1,4
Portugal,2011-09-22,777.1999999999999,496,1,3
Portugal,2011-09-25,339.0199999999999,176,1,6
Portugal,2011-10-06,1730.7699999999995,1123,2,3
Portugal,2011-10-11,892.4700000000004,556,1,1
Portugal,2011-10-13,1319.0099999999995,884,1,3
Portugal,2011-10-14,642.01,215,1,4
Portugal,2011-10-17,1165.45,367,3,0
Portugal,2011-10-19,149.75,5,1,2
Portugal,2011-10-25,307.21000000000004,136,1,1
Portugal,2011-11-03,202.29999999999998,80,1,3
Portugal,2011-11-07,222.26,89,1,0
Portugal,2011-11-11,305.3,166,1,4
Portugal,2011-11-14,511.0900000000001,225,2,0
Portugal,2011-11-17,58.349999999999994,5,1,3
Portugal,2011-11-21,430.4800000000001,68,1,0
Portugal,2011-11-24,859.1200000000001,458,2,3
Portugal,2011-11-30,56.0,2,1,2
Portugal,2011-12-02,1436.9300000000005,1032,1,4
Portugal,2011-12-05,252.24999999999997,128,1,0
Portugal,2011-12-06,718.4300000000002,267,1,1
Portugal,2011-12-07,400.58000000000004,142,1,2
Spain,2010-12-03,620.0,400,1,4
Spain,2010-12-09,174.72000000000006,67,1,3
Spain,2010-12-13,881.0099999999999,300,1,0
Spain,2010-12-17,168.0,100,1,4
Spain,2011-01-07,1138.6700000000005,630,1,4
Spain,2011-01-10,1715.8500000000004,643,1,0
Spain,2011-01-11,4564.299999999999,1483,2,1
Spain,2011-01-18,681.0500000000001,294,1,1
Spain,2011-01-19,112.92000000000002,48,1,2
Spain,2011-01-24,157.45000000000002,104,1,0
Spain,2011-01-27,1715.8499999999997,643,1,3
Spain,2011-02-01,288.98,193,1,1
Spain,2011-02-03,617.25,171,1,3
Spain,2011-02-09,762.1099999999999,287,1,2
Spain,2011-02-14,446.15999999999997,219,1,0
Spain,2011-03-04,471.79999999999995,397,2,4
Spain,2011-03-16,1218.9500000000003,405,2,2
Spain,2011-03-22,1085.99,335,1,1
Spain,2011-03-24,1140.7599999999998,512,1,3
Spain,2011-03-25,628.15,346,1,4
Spain,2011-03-28,817.5,550,1,0
Spain,2011-04-11,269.95,156,1,0
Spain,2011-04-21,1079.4,530,1,3
Spain,2011-04-28,436.29999999999995,267,1,3
Spain,2011-05-04,1380.1099999999997,747,1,2
Spain,2011-05-06,522.6,88,1,4
Spain,2011-05-26,48.4,25,1,3
Spain,2011-05-31,1306.49,608,1,1
Spain,2011-06-03,264.40000000000003,107,1,4
Spain,2011-06-06,357.98999999999995,173,1,0
Spain,2011-06-09,912.6599999999999,445,1,3
Spain,2011-06-16,1137.99,424,1,3
Spain,2011-06-19,564.9699999999999,340,3,6
Spain,2011-06-26,95.19999999999999,49,1,6
Spain,2011-07-04,4146.34,1506,1,0
Spain,2011-07-06,230.5,167,2,2
Spain,2011-07-07,463.37,227,2,3
Spain,2011-07-11,312.89999999999986,166,1,0
Spain,2011-07-20,301.52,59,1,2
Spain,2011-07-25,1358.3900000000006,649,1,0
Spain,2011-07-28,811.9,664,1,3
Spain,2011-08-04,867.4300000000001,185,2,3
Spain,2011-08-16,200.2400000000001,82,2,1
Spain,2011-08-17,231.76,158,1,2
Spain,2011-08-21,13.25,3,1,6
Spain,2011-08-24,509.34000000000003,317,1,2
Spain,2011-08-28,1246.4899999999996,800,1,6
Spain,2011-08-31,278.40000000000003,55,2,2
Spain,2011-09-05,1092.35,234,1,0
Spain,2011-09-08,459.98999999999995,243,1,3
Spain,2011-09-19,971.6499999999997,565,1,0
Spain,2011-09-21,964.8299999999994,569,1,2
Spain,2011-09-23,1037.68,572,2,4
Spain,2011-09-25,372.24,177,1,6
Spain,2011-09-27,290.49999999999994,323,1,1
Spain,2011-10-07,422.79999999999995,227,1,4
Spain,2011-10-14,3528.34,1006,1,4
Spain,2011-10-18,1019.4699999999999,724,1,1
Spain,2011-10-19,348.32,318,1,2
Spain,2011-10-20,290.8099999999999,192,1,3
Spain,2011-10-24,401.3,158,1,0
Spain,2011-10-26,449.4500000000001,243,1,2
Spain,2011-10-30,2176.4500000000016,1484,1,6
Spain,2011-11-03,372.7,136,1,3
Spain,2011-11-04,738.57,327,1,4
Spain,2011-11-07,140.0,5,1,0
Spain,2011-11-08,573.7099999999998,239,1,1
Spain,2011-11-10,808.9899999999998,452,2,3
Spain,2011-11-17,1184.0600000000002,508,2,3
Spain,2011-11-20,1094.23,477,2,6
Spain,2011-11-21,427.48,249,1,0
Spain,2011-11-23,2990.0,920,1,2
Spain,2011-11-24,178.48,77,1,3
Spain,2011-11-29,170.7400000000001,117,1,1
Spain,2011-12-06,172.06,182,1,1
Spain,2011-12-07,144.14999999999998,92,1,2
Switzerland,2010-12-03,303.4,110,1,4
Switzerland,2010-12-20,1001.5199999999996,604,1,0
Switzerland,2011-01-19,3604.6299999999997,2653,2,2
Switzerland,2011-01-28,626.6,340,1,4
Switzerland,2011-02-04,693.3299999999999,211,2,4
Switzerland,2011-02-24,1340.3199999999997,560,1,3
Switzerland,2011-02-25,179.35,66,1,4
Switzerland,2011-02-28,441.91999999999996,270,1,0
Switzerland,2011-03-09,439.28,314,1,2
Switzerland,2011-03-25,490.7800000000001,227,1,4
Switzerland,2011-03-30,940.1700000000001,445,1,2
Switzerland,2011-04-14,669.25,196,1,3
Switzerland,2011-04-15,219.0,101,1,4
Switzerland,2011-04-20,179.0,100,1,2
Switzerland,2011-04-21,1009.6899999999997,489,1,3
Switzerland,2011-05-05,2388.31,1771,1,3
Switzerland,2011-05-09,315.3,114,1,0
Switzerland,2011-05-31,906.3999999999999,364,1,1
Switzerland,2011-06-08,612.6800000000001,245,1,2
Switzerland,2011-06-10,6207.079999999999,3142,1,4
Switzerland,2011-06-24,417.36,175,1,4
Switzerland,2011-06-26,667.0299999999999,408,1,6
Switzerland,2011-07-01,360.8,152,1,4
Switzerland,2011-07-08,626.8800000000001,282,1,4
Switzerland,2011-07-17,235.9599999999999,213,1,6
Switzerland,2011-07-25,856.0,411,1,0
Switzerland,2011-07-26,593.7399999999998,142,1,1
Switzerland,2011-07-31,1325.2299999999998,628,1,6
Switzerland,2011-08-02,4008.6200000000013,2529,1,1
Switzerland,2011-08-10,292.69,62,1,2
Switzerland,2011-08-19,668.5799999999997,407,1,4
Switzerland,2011-09-06,200.0,5,1,1
Switzerland,2011-09-14,743.28,376,1,2
Switzerland,2011-09-15,160.0,4,1,3
Switzerland,2011-09-21,4.95,1,1,2
Switzerland,2011-09-22,4860.640000000001,2408,1,3
Switzerland,2011-09-28,1810.5100000000004,1225,1,2
Switzerland,2011-09-29,505.4800000000001,236,1,3
Switzerland,2011-10-05,2539.5599999999995,1650,1,2
Switzerland,2011-10-11,1527.9600000000003,582,1,1
Switzerland,2011-10-12,676.3700000000001,337,1,2
Switzerland,2011-10-25,1635.6599999999999,1394,1,1
Switzerland,2011-10-26,1275.6400000000003,569,2,2
Switzerland,2011-10-28,409.98999999999995,334,2,4
Switzerland,2011-11-06,6207.669999999996,2708,1,6
Switzerland,2011-11-11,292.58,64,1,4
Switzerland,2011-11-18,925.64,669,1,4
Switzerland,2011-11-23,430.57000000000005,185,2,2
Switzerland,2011-11-29,262.5,151,1,1
